filename,text,emotion
OAF_back_fear.wav,back,fear
OAF_back_disgust.wav,back,disgust
OAF_back_angry.wav,back,angry
OAF_bar_fear.wav,bar,fear
OAF_bath_fear.wav,bath,fear
OAF_base_fear.wav,base,fear
OAF_base_ps.wav,base,ps
OAF_bar_ps.wav,bar,ps
OAF_back_ps.wav,back,ps
OAF_base_sad.wav,base,sad
OAF_back_sad.wav,back,sad
OAF_bar_sad.wav,bar,sad
OAF_bath_angry.wav,bath,angry
OAF_base_angry.wav,base,angry
OAF_bar_angry.wav,bar,angry
OAF_bath_disgust.wav,bath,disgust
OAF_bar_disgust.wav,bar,disgust
OAF_base_disgust.wav,base,disgust
OAF_bar_happy.wav,bar,happy
OAF_back_happy.wav,back,happy
OAF_base_happy.wav,base,happy
OAF_back_neutral.wav,back,neutral
OAF_bar_neutral.wav,bar,neutral
OAF_base_neutral.wav,base,neutral
OAF_came_disgust.wav,came,disgust
OAF_calm_neutral.wav,calm,neutral
OAF_cab_neutral.wav,cab,neutral
OAF_calm_ps.wav,calm,ps
OAF_calm_happy.wav,calm,happy
OAF_calm_fear.wav,calm,fear
OAF_calm_sad.wav,calm,sad
OAF_came_angry.wav,came,angry
OAF_cab_sad.wav,cab,sad
OAF_calm_angry.wav,calm,angry
OAF_cab_ps.wav,cab,ps
OAF_cab_happy.wav,cab,happy
OAF_calm_disgust.wav,calm,disgust
OAF_came_fear.wav,came,fear
OAF_burn_sad.wav,burn,sad
OAF_burn_ps.wav,burn,ps
OAF_bought_neutral.wav,bought,neutral
OAF_burn_happy.wav,burn,happy
OAF_bought_sad.wav,bought,sad
OAF_bought_happy.wav,bought,happy
OAF_cab_angry.wav,cab,angry
OAF_burn_neutral.wav,burn,neutral
OAF_burn_disgust.wav,burn,disgust
OAF_burn_fear.wav,burn,fear
OAF_burn_angry.wav,burn,angry
OAF_bought_ps.wav,bought,ps
OAF_cab_fear.wav,cab,fear
OAF_cab_disgust.wav,cab,disgust
OAF_bone_fear.wav,bone,fear
OAF_bone_sad.wav,bone,sad
OAF_bone_happy.wav,bone,happy
OAF_boat_ps.wav,boat,ps
OAF_book_neutral.wav,book,neutral
OAF_boat_fear.wav,boat,fear
OAF_book_happy.wav,book,happy
OAF_book_disgust.wav,book,disgust
OAF_bone_ps.wav,bone,ps
OAF_book_sad.wav,book,sad
OAF_boat_neutral.wav,boat,neutral
OAF_book_ps.wav,book,ps
OAF_bone_neutral.wav,bone,neutral
OAF_bone_disgust.wav,bone,disgust
OAF_book_fear.wav,book,fear
OAF_bone_angry.wav,bone,angry
OAF_boat_sad.wav,boat,sad
OAF_book_angry.wav,book,angry
OAF_bought_angry.wav,bought,angry
OAF_bought_disgust.wav,bought,disgust
OAF_bought_fear.wav,bought,fear
OAF_beg_disgust.wav,beg,disgust
OAF_bite_angry.wav,bite,angry
OAF_beg_fear.wav,beg,fear
OAF_beg_neutral.wav,beg,neutral
OAF_bite_sad.wav,bite,sad
OAF_bite_fear.wav,bite,fear
OAF_beg_ps.wav,beg,ps
OAF_bite_happy.wav,bite,happy
OAF_boat_angry.wav,boat,angry
OAF_bite_ps.wav,bite,ps
OAF_bite_disgust.wav,bite,disgust
OAF_beg_sad.wav,beg,sad
OAF_beg_happy.wav,beg,happy
OAF_beg_angry.wav,beg,angry
OAF_boat_happy.wav,boat,happy
OAF_boat_disgust.wav,boat,disgust
OAF_bean_fear.wav,bean,fear
OAF_bean_disgust.wav,bean,disgust
OAF_bean_neutral.wav,bean,neutral
OAF_bean_happy.wav,bean,happy
OAF_bean_angry.wav,bean,angry
OAF_bath_sad.wav,bath,sad
OAF_bath_ps.wav,bath,ps
OAF_bath_happy.wav,bath,happy
OAF_bath_neutral.wav,bath,neutral
OAF_bean_sad.wav,bean,sad
OAF_bean_ps.wav,bean,ps
OAF_doll_happy.wav,doll,happy
OAF_doll_fear.wav,doll,fear
OAF_ditch_sad.wav,ditch,sad
OAF_dip_disgust.wav,dip,disgust
OAF_dip_ps.wav,dip,ps
OAF_dodge_angry.wav,dodge,angry
OAF_dip_fear.wav,dip,fear
OAF_ditch_fear.wav,ditch,fear
OAF_dip_happy.wav,dip,happy
OAF_dime_neutral.wav,dime,neutral
OAF_ditch_happy.wav,ditch,happy
OAF_dip_sad.wav,dip,sad
OAF_dip_neutral.wav,dip,neutral
OAF_dime_sad.wav,dime,sad
OAF_ditch_disgust.wav,ditch,disgust
OAF_ditch_angry.wav,ditch,angry
OAF_ditch_ps.wav,ditch,ps
OAF_dodge_disgust.wav,dodge,disgust
OAF_deep_sad.wav,deep,sad
OAF_dime_fear.wav,dime,fear
OAF_dime_disgust.wav,dime,disgust
OAF_deep_ps.wav,deep,ps
OAF_deep_fear.wav,deep,fear
OAF_dime_angry.wav,dime,angry
OAF_death_neutral.wav,death,neutral
OAF_death_happy.wav,death,happy
OAF_deep_neutral.wav,deep,neutral
OAF_deep_angry.wav,deep,angry
OAF_death_ps.wav,death,ps
OAF_dime_happy.wav,dime,happy
OAF_deep_happy.wav,deep,happy
OAF_deep_disgust.wav,deep,disgust
OAF_death_fear.wav,death,fear
OAF_death_sad.wav,death,sad
OAF_dime_ps.wav,dime,ps
OAF_dip_angry.wav,dip,angry
OAF_death_angry.wav,death,angry
OAF_date_disgust.wav,date,disgust
OAF_dab_ps.wav,dab,ps
OAF_dead_disgust.wav,dead,disgust
OAF_date_fear.wav,date,fear
OAF_date_happy.wav,date,happy
OAF_date_sad.wav,date,sad
OAF_date_neutral.wav,date,neutral
OAF_dead_neutral.wav,dead,neutral
OAF_dead_fear.wav,dead,fear
OAF_dab_happy.wav,dab,happy
OAF_dab_neutral.wav,dab,neutral
OAF_dead_sad.wav,dead,sad
OAF_dead_angry.wav,dead,angry
OAF_dead_ps.wav,dead,ps
OAF_dab_sad.wav,dab,sad
OAF_dead_happy.wav,dead,happy
OAF_date_angry.wav,date,angry
OAF_date_ps.wav,date,ps
OAF_death_disgust.wav,death,disgust
OAF_dab_angry.wav,dab,angry
OAF_cool_happy.wav,cool,happy
OAF_choice_happy.wav,choice,happy
OAF_choice_neutral.wav,choice,neutral
OAF_choice_sad.wav,choice,sad
OAF_choice_disgust.wav,choice,disgust
OAF_cool_neutral.wav,cool,neutral
OAF_chief_sad.wav,chief,sad
OAF_choice_ps.wav,choice,ps
OAF_cool_angry.wav,cool,angry
OAF_chief_neutral.wav,chief,neutral
OAF_choice_angry.wav,choice,angry
OAF_cool_disgust.wav,cool,disgust
OAF_choice_fear.wav,choice,fear
OAF_cool_ps.wav,cool,ps
OAF_cool_sad.wav,cool,sad
OAF_chief_ps.wav,chief,ps
OAF_cool_fear.wav,cool,fear
OAF_dab_disgust.wav,dab,disgust
OAF_dab_fear.wav,dab,fear
OAF_check_disgust.wav,check,disgust
OAF_cheek_disgust.wav,cheek,disgust
OAF_check_neutral.wav,check,neutral
OAF_cheek_sad.wav,cheek,sad
OAF_cheek_fear.wav,cheek,fear
OAF_check_happy.wav,check,happy
OAF_check_fear.wav,check,fear
OAF_chat_sad.wav,chat,sad
OAF_chief_disgust.wav,chief,disgust
OAF_chat_neutral.wav,chat,neutral
OAF_check_angry.wav,check,angry
OAF_cheek_angry.wav,cheek,angry
OAF_chief_angry.wav,chief,angry
OAF_cheek_happy.wav,cheek,happy
OAF_cheek_ps.wav,cheek,ps
OAF_check_sad.wav,check,sad
OAF_check_ps.wav,check,ps
OAF_cheek_neutral.wav,cheek,neutral
OAF_chief_fear.wav,chief,fear
OAF_chief_happy.wav,chief,happy
OAF_chat_happy.wav,chat,happy
OAF_chat_ps.wav,chat,ps
OAF_chat_disgust.wav,chat,disgust
OAF_chalk_ps.wav,chalk,ps
OAF_chat_fear.wav,chat,fear
OAF_chat_angry.wav,chat,angry
OAF_chalk_sad.wav,chalk,sad
OAF_chair_sad.wav,chair,sad
OAF_chair_ps.wav,chair,ps
OAF_chair_fear.wav,chair,fear
OAF_chair_disgust.wav,chair,disgust
OAF_chalk_disgust.wav,chalk,disgust
OAF_chalk_angry.wav,chalk,angry
OAF_chalk_neutral.wav,chalk,neutral
OAF_chair_angry.wav,chair,angry
OAF_chair_neutral.wav,chair,neutral
OAF_chalk_fear.wav,chalk,fear
OAF_chair_happy.wav,chair,happy
OAF_chalk_happy.wav,chalk,happy
OAF_chain_disgust.wav,chain,disgust
OAF_chain_fear.wav,chain,fear
OAF_came_sad.wav,came,sad
OAF_came_ps.wav,came,ps
OAF_chain_neutral.wav,chain,neutral
OAF_chain_angry.wav,chain,angry
OAF_cause_angry.wav,cause,angry
OAF_came_neutral.wav,came,neutral
OAF_cause_neutral.wav,cause,neutral
OAF_came_happy.wav,came,happy
OAF_chain_happy.wav,chain,happy
OAF_cause_disgust.wav,cause,disgust
OAF_cause_happy.wav,cause,happy
OAF_cause_fear.wav,cause,fear
OAF_cause_ps.wav,cause,ps
OAF_cause_sad.wav,cause,sad
OAF_chain_sad.wav,chain,sad
OAF_chain_ps.wav,chain,ps
OAF_gun_happy.wav,gun,happy
OAF_get_disgust.wav,get,disgust
OAF_goal_happy.wav,goal,happy
OAF_gin_happy.wav,gin,happy
OAF_gin_sad.wav,gin,sad
OAF_gin_ps.wav,gin,ps
OAF_get_ps.wav,get,ps
OAF_get_happy.wav,get,happy
OAF_gin_angry.wav,gin,angry
OAF_get_fear.wav,get,fear
OAF_goal_angry.wav,goal,angry
OAF_get_sad.wav,get,sad
OAF_get_neutral.wav,get,neutral
OAF_gin_disgust.wav,gin,disgust
OAF_gin_neutral.wav,gin,neutral
OAF_gin_fear.wav,gin,fear
OAF_goal_disgust.wav,goal,disgust
OAF_goal_fear.wav,goal,fear
OAF_goal_ps.wav,goal,ps
OAF_goal_neutral.wav,goal,neutral
OAF_gas_sad.wav,gas,sad
OAF_gaze_happy.wav,gaze,happy
OAF_gaze_angry.wav,gaze,angry
OAF_gaze_disgust.wav,gaze,disgust
OAF_germ_fear.wav,germ,fear
OAF_germ_ps.wav,germ,ps
OAF_gaze_neutral.wav,gaze,neutral
OAF_germ_happy.wav,germ,happy
OAF_gaze_ps.wav,gaze,ps
OAF_gaze_fear.wav,gaze,fear
OAF_get_angry.wav,get,angry
OAF_gaze_sad.wav,gaze,sad
OAF_germ_disgust.wav,germ,disgust
OAF_germ_angry.wav,germ,angry
OAF_germ_neutral.wav,germ,neutral
OAF_germ_sad.wav,germ,sad
OAF_gap_ps.wav,gap,ps
OAF_gas_fear.wav,gas,fear
OAF_gap_sad.wav,gap,sad
OAF_gas_ps.wav,gas,ps
OAF_gas_angry.wav,gas,angry
OAF_gap_disgust.wav,gap,disgust
OAF_food_ps.wav,food,ps
OAF_gap_angry.wav,gap,angry
OAF_food_sad.wav,food,sad
OAF_gas_disgust.wav,gas,disgust
OAF_gap_happy.wav,gap,happy
OAF_gas_happy.wav,gas,happy
OAF_gap_fear.wav,gap,fear
OAF_food_happy.wav,food,happy
OAF_gap_neutral.wav,gap,neutral
OAF_food_neutral.wav,food,neutral
OAF_food_fear.wav,food,fear
OAF_gas_neutral.wav,gas,neutral
OAF_fit_neutral.wav,fit,neutral
OAF_fit_happy.wav,fit,happy
OAF_five_neutral.wav,five,neutral
OAF_fit_fear.wav,fit,fear
OAF_five_happy.wav,five,happy
OAF_fit_sad.wav,fit,sad
OAF_fat_neutral.wav,fat,neutral
OAF_fat_happy.wav,fat,happy
OAF_fat_sad.wav,fat,sad
OAF_fat_ps.wav,fat,ps
OAF_fit_angry.wav,fit,angry
OAF_five_angry.wav,five,angry
OAF_five_fear.wav,five,fear
OAF_fit_ps.wav,fit,ps
OAF_five_sad.wav,five,sad
OAF_five_ps.wav,five,ps
OAF_fit_disgust.wav,fit,disgust
OAF_five_disgust.wav,five,disgust
OAF_food_angry.wav,food,angry
OAF_food_disgust.wav,food,disgust
OAF_far_fear.wav,far,fear
OAF_fall_neutral.wav,fall,neutral
OAF_fall_sad.wav,fall,sad
OAF_far_happy.wav,far,happy
OAF_fall_ps.wav,fall,ps
OAF_fall_happy.wav,fall,happy
OAF_far_disgust.wav,far,disgust
OAF_far_ps.wav,far,ps
OAF_fat_disgust.wav,fat,disgust
OAF_fall_fear.wav,fall,fear
OAF_far_angry.wav,far,angry
OAF_far_neutral.wav,far,neutral
OAF_far_sad.wav,far,sad
OAF_fat_fear.wav,fat,fear
OAF_fat_angry.wav,fat,angry
OAF_fail_neutral.wav,fail,neutral
OAF_door_sad.wav,door,sad
OAF_door_angry.wav,door,angry
OAF_doll_sad.wav,doll,sad
OAF_door_happy.wav,door,happy
OAF_door_fear.wav,door,fear
OAF_door_neutral.wav,door,neutral
OAF_fail_ps.wav,fail,ps
OAF_fail_sad.wav,fail,sad
OAF_door_ps.wav,door,ps
OAF_fail_fear.wav,fail,fear
OAF_fail_disgust.wav,fail,disgust
OAF_doll_ps.wav,doll,ps
OAF_doll_neutral.wav,doll,neutral
OAF_door_disgust.wav,door,disgust
OAF_fail_happy.wav,fail,happy
OAF_fail_angry.wav,fail,angry
OAF_fall_disgust.wav,fall,disgust
OAF_fall_angry.wav,fall,angry
OAF_dog_fear.wav,dog,fear
OAF_ditch_neutral.wav,ditch,neutral
OAF_dog_angry.wav,dog,angry
OAF_dodge_ps.wav,dodge,ps
OAF_dodge_fear.wav,dodge,fear
OAF_dog_happy.wav,dog,happy
OAF_doll_angry.wav,doll,angry
OAF_dodge_happy.wav,dodge,happy
OAF_dog_sad.wav,dog,sad
OAF_dog_neutral.wav,dog,neutral
OAF_dog_ps.wav,dog,ps
OAF_dodge_sad.wav,dodge,sad
OAF_dog_disgust.wav,dog,disgust
OAF_dodge_neutral.wav,dodge,neutral
OAF_doll_disgust.wav,doll,disgust
OAF_jug_sad.wav,jug,sad
OAF_judge_happy.wav,judge,happy
OAF_juice_fear.wav,juice,fear
OAF_juice_disgust.wav,juice,disgust
OAF_judge_ps.wav,judge,ps
OAF_juice_angry.wav,juice,angry
OAF_jug_happy.wav,jug,happy
OAF_jug_angry.wav,jug,angry
OAF_judge_fear.wav,judge,fear
OAF_judge_disgust.wav,judge,disgust
OAF_juice_happy.wav,juice,happy
OAF_jug_fear.wav,jug,fear
OAF_judge_neutral.wav,judge,neutral
OAF_judge_sad.wav,judge,sad
OAF_jug_ps.wav,jug,ps
OAF_jug_neutral.wav,jug,neutral
OAF_jug_disgust.wav,jug,disgust
OAF_juice_neutral.wav,juice,neutral
OAF_juice_ps.wav,juice,ps
OAF_jar_neutral.wav,jar,neutral
OAF_jar_angry.wav,jar,angry
OAF_jar_ps.wav,jar,ps
OAF_join_neutral.wav,join,neutral
OAF_join_fear.wav,join,fear
OAF_jar_sad.wav,jar,sad
OAF_join_angry.wav,join,angry
OAF_jar_disgust.wav,jar,disgust
OAF_join_disgust.wav,join,disgust
OAF_jar_fear.wav,jar,fear
OAF_join_happy.wav,join,happy
OAF_jar_happy.wav,jar,happy
OAF_join_sad.wav,join,sad
OAF_join_ps.wav,join,ps
OAF_judge_angry.wav,judge,angry
OAF_jail_ps.wav,jail,ps
OAF_hush_angry.wav,hush,angry
OAF_hush_ps.wav,hush,ps
OAF_hush_fear.wav,hush,fear
OAF_hurl_ps.wav,hurl,ps
OAF_jail_neutral.wav,jail,neutral
OAF_hush_neutral.wav,hush,neutral
OAF_jail_angry.wav,jail,angry
OAF_hush_sad.wav,hush,sad
OAF_jail_happy.wav,jail,happy
OAF_hurl_happy.wav,hurl,happy
OAF_jail_sad.wav,jail,sad
OAF_jail_fear.wav,jail,fear
OAF_jail_disgust.wav,jail,disgust
OAF_hush_disgust.wav,hush,disgust
OAF_hurl_sad.wav,hurl,sad
OAF_hush_happy.wav,hush,happy
OAF_hurl_angry.wav,hurl,angry
OAF_hurl_fear.wav,hurl,fear
OAF_hole_sad.wav,hole,sad
OAF_home_fear.wav,home,fear
OAF_home_happy.wav,home,happy
OAF_hole_fear.wav,hole,fear
OAF_home_sad.wav,home,sad
OAF_home_disgust.wav,home,disgust
OAF_home_neutral.wav,home,neutral
OAF_home_ps.wav,home,ps
OAF_hole_angry.wav,hole,angry
OAF_hole_disgust.wav,hole,disgust
OAF_hole_ps.wav,hole,ps
OAF_hit_ps.wav,hit,ps
OAF_home_angry.wav,home,angry
OAF_hole_neutral.wav,hole,neutral
OAF_hit_sad.wav,hit,sad
OAF_hole_happy.wav,hole,happy
OAF_hurl_neutral.wav,hurl,neutral
OAF_hurl_disgust.wav,hurl,disgust
OAF_haze_fear.wav,haze,fear
OAF_hire_ps.wav,hire,ps
OAF_haze_disgust.wav,haze,disgust
OAF_hire_sad.wav,hire,sad
OAF_hire_fear.wav,hire,fear
OAF_haze_neutral.wav,haze,neutral
OAF_hire_happy.wav,hire,happy
OAF_hit_fear.wav,hit,fear
OAF_haze_happy.wav,haze,happy
OAF_hire_neutral.wav,hire,neutral
OAF_hire_disgust.wav,hire,disgust
OAF_hire_angry.wav,hire,angry
OAF_hit_disgust.wav,hit,disgust
OAF_hit_angry.wav,hit,angry
OAF_haze_sad.wav,haze,sad
OAF_haze_ps.wav,haze,ps
OAF_hit_neutral.wav,hit,neutral
OAF_hit_happy.wav,hit,happy
OAF_have_ps.wav,have,ps
OAF_hate_fear.wav,hate,fear
OAF_have_disgust.wav,have,disgust
OAF_hate_happy.wav,hate,happy
OAF_hate_neutral.wav,hate,neutral
OAF_hash_sad.wav,hash,sad
OAF_have_neutral.wav,have,neutral
OAF_hate_angry.wav,hate,angry
OAF_hate_ps.wav,hate,ps
OAF_hash_fear.wav,hash,fear
OAF_have_happy.wav,have,happy
OAF_have_angry.wav,have,angry
OAF_hash_ps.wav,hash,ps
OAF_have_fear.wav,have,fear
OAF_hate_disgust.wav,hate,disgust
OAF_hash_happy.wav,hash,happy
OAF_hash_neutral.wav,hash,neutral
OAF_hate_sad.wav,hate,sad
OAF_have_sad.wav,have,sad
OAF_haze_angry.wav,haze,angry
OAF_hall_happy.wav,hall,happy
OAF_hall_angry.wav,hall,angry
OAF_hall_neutral.wav,hall,neutral
OAF_half_angry.wav,half,angry
OAF_gun_sad.wav,gun,sad
OAF_half_fear.wav,half,fear
OAF_half_happy.wav,half,happy
OAF_hall_sad.wav,hall,sad
OAF_half_neutral.wav,half,neutral
OAF_half_disgust.wav,half,disgust
OAF_hash_angry.wav,hash,angry
OAF_hall_ps.wav,hall,ps
OAF_hall_fear.wav,hall,fear
OAF_half_sad.wav,half,sad
OAF_half_ps.wav,half,ps
OAF_hall_disgust.wav,hall,disgust
OAF_gun_ps.wav,gun,ps
OAF_gun_neutral.wav,gun,neutral
OAF_hash_disgust.wav,hash,disgust
OAF_good_happy.wav,good,happy
OAF_goose_neutral.wav,goose,neutral
OAF_goose_fear.wav,goose,fear
OAF_goose_ps.wav,goose,ps
OAF_good_angry.wav,good,angry
OAF_good_disgust.wav,good,disgust
OAF_good_sad.wav,good,sad
OAF_good_ps.wav,good,ps
OAF_good_fear.wav,good,fear
OAF_gun_angry.wav,gun,angry
OAF_gun_disgust.wav,gun,disgust
OAF_goose_happy.wav,goose,happy
OAF_goose_disgust.wav,goose,disgust
OAF_goal_sad.wav,goal,sad
OAF_goose_sad.wav,goose,sad
OAF_goose_angry.wav,goose,angry
OAF_good_neutral.wav,good,neutral
OAF_gun_fear.wav,gun,fear
OAF_lease_happy.wav,lease,happy
OAF_learn_sad.wav,learn,sad
OAF_lease_sad.wav,lease,sad
OAF_learn_ps.wav,learn,ps
OAF_lease_ps.wav,lease,ps
OAF_lease_angry.wav,lease,angry
OAF_lid_disgust.wav,lid,disgust
OAF_lid_neutral.wav,lid,neutral
OAF_lid_angry.wav,lid,angry
OAF_lid_fear.wav,lid,fear
OAF_lid_happy.wav,lid,happy
OAF_lease_disgust.wav,lease,disgust
OAF_lease_neutral.wav,lease,neutral
OAF_lease_fear.wav,lease,fear
OAF_life_disgust.wav,life,disgust
OAF_lid_ps.wav,lid,ps
OAF_learn_angry.wav,learn,angry
OAF_lean_happy.wav,lean,happy
OAF_learn_fear.wav,learn,fear
OAF_laud_happy.wav,laud,happy
OAF_laud_fear.wav,laud,fear
OAF_lean_disgust.wav,lean,disgust
OAF_lean_neutral.wav,lean,neutral
OAF_lean_ps.wav,lean,ps
OAF_laud_ps.wav,laud,ps
OAF_lean_angry.wav,lean,angry
OAF_lean_sad.wav,lean,sad
OAF_learn_disgust.wav,learn,disgust
OAF_laud_sad.wav,laud,sad
OAF_lean_fear.wav,lean,fear
OAF_laud_neutral.wav,laud,neutral
OAF_laud_disgust.wav,laud,disgust
OAF_learn_happy.wav,learn,happy
OAF_learn_neutral.wav,learn,neutral
OAF_laud_angry.wav,laud,angry
OAF_late_angry.wav,late,angry
OAF_knock_ps.wav,knock,ps
OAF_knock_disgust.wav,knock,disgust
OAF_knock_sad.wav,knock,sad
OAF_knock_fear.wav,knock,fear
OAF_late_fear.wav,late,fear
OAF_knock_angry.wav,knock,angry
OAF_late_disgust.wav,late,disgust
OAF_knock_neutral.wav,knock,neutral
OAF_late_sad.wav,late,sad
OAF_knock_happy.wav,knock,happy
OAF_late_happy.wav,late,happy
OAF_late_neutral.wav,late,neutral
OAF_late_ps.wav,late,ps
OAF_kite_fear.wav,kite,fear
OAF_king_ps.wav,king,ps
OAF_kite_happy.wav,kite,happy
OAF_king_happy.wav,king,happy
OAF_king_fear.wav,king,fear
OAF_king_angry.wav,king,angry
OAF_kite_disgust.wav,kite,disgust
OAF_kill_sad.wav,kill,sad
OAF_king_neutral.wav,king,neutral
OAF_kite_angry.wav,kite,angry
OAF_kill_neutral.wav,kill,neutral
OAF_king_sad.wav,king,sad
OAF_kite_neutral.wav,kite,neutral
OAF_kill_ps.wav,kill,ps
OAF_king_disgust.wav,king,disgust
OAF_kite_sad.wav,kite,sad
OAF_kite_ps.wav,kite,ps
OAF_kill_fear.wav,kill,fear
OAF_kill_happy.wav,kill,happy
OAF_kick_ps.wav,kick,ps
OAF_keg_sad.wav,keg,sad
OAF_kill_angry.wav,kill,angry
OAF_kick_sad.wav,kick,sad
OAF_kick_disgust.wav,kick,disgust
OAF_keg_neutral.wav,keg,neutral
OAF_kick_angry.wav,kick,angry
OAF_kick_fear.wav,kick,fear
OAF_kick_neutral.wav,kick,neutral
OAF_kill_disgust.wav,kill,disgust
OAF_keg_happy.wav,keg,happy
OAF_kick_happy.wav,kick,happy
OAF_keg_ps.wav,keg,ps
OAF_keen_fear.wav,keen,fear
OAF_keen_neutral.wav,keen,neutral
OAF_keep_fear.wav,keep,fear
OAF_keep_disgust.wav,keep,disgust
OAF_keep_sad.wav,keep,sad
OAF_keep_happy.wav,keep,happy
OAF_keen_sad.wav,keen,sad
OAF_keep_ps.wav,keep,ps
OAF_keen_happy.wav,keen,happy
OAF_keep_neutral.wav,keep,neutral
OAF_keen_ps.wav,keen,ps
OAF_keep_angry.wav,keep,angry
OAF_keen_angry.wav,keen,angry
OAF_keen_disgust.wav,keen,disgust
OAF_juice_sad.wav,juice,sad
OAF_keg_angry.wav,keg,angry
OAF_keg_disgust.wav,keg,disgust
OAF_keg_fear.wav,keg,fear
OAF_moon_sad.wav,moon,sad
OAF_moon_neutral.wav,moon,neutral
OAF_mop_fear.wav,mop,fear
OAF_moon_disgust.wav,moon,disgust
OAF_moon_ps.wav,moon,ps
OAF_mop_happy.wav,mop,happy
OAF_mop_angry.wav,mop,angry
OAF_mouse_disgust.wav,mouse,disgust
OAF_moon_happy.wav,moon,happy
OAF_mood_ps.wav,mood,ps
OAF_mouse_angry.wav,mouse,angry
OAF_mop_ps.wav,mop,ps
OAF_mop_neutral.wav,mop,neutral
OAF_mouse_fear.wav,mouse,fear
OAF_moon_fear.wav,moon,fear
OAF_mop_disgust.wav,mop,disgust
OAF_moon_angry.wav,moon,angry
OAF_mop_sad.wav,mop,sad
OAF_mouse_neutral.wav,mouse,neutral
OAF_mouse_happy.wav,mouse,happy
OAF_mood_fear.wav,mood,fear
OAF_mode_neutral.wav,mode,neutral
OAF_mob_disgust.wav,mob,disgust
OAF_mode_sad.wav,mode,sad
OAF_mode_angry.wav,mode,angry
OAF_mood_neutral.wav,mood,neutral
OAF_mood_disgust.wav,mood,disgust
OAF_mood_angry.wav,mood,angry
OAF_mode_fear.wav,mode,fear
OAF_mode_happy.wav,mode,happy
OAF_mob_sad.wav,mob,sad
OAF_mob_ps.wav,mob,ps
OAF_mob_happy.wav,mob,happy
OAF_mob_angry.wav,mob,angry
OAF_mode_ps.wav,mode,ps
OAF_mob_fear.wav,mob,fear
OAF_mode_disgust.wav,mode,disgust
OAF_mob_neutral.wav,mob,neutral
OAF_mood_sad.wav,mood,sad
OAF_mood_happy.wav,mood,happy
OAF_mess_fear.wav,mess,fear
OAF_met_neutral.wav,met,neutral
OAF_mill_angry.wav,mill,angry
OAF_met_disgust.wav,met,disgust
OAF_met_happy.wav,met,happy
OAF_mess_sad.wav,mess,sad
OAF_mill_happy.wav,mill,happy
OAF_met_ps.wav,met,ps
OAF_met_fear.wav,met,fear
OAF_mill_disgust.wav,mill,disgust
OAF_mill_neutral.wav,mill,neutral
OAF_met_sad.wav,met,sad
OAF_mess_neutral.wav,mess,neutral
OAF_met_angry.wav,met,angry
OAF_mill_fear.wav,mill,fear
OAF_mess_ps.wav,mess,ps
OAF_mill_sad.wav,mill,sad
OAF_mill_ps.wav,mill,ps
OAF_merge_angry.wav,merge,angry
OAF_merge_happy.wav,merge,happy
OAF_merge_sad.wav,merge,sad
OAF_match_happy.wav,match,happy
OAF_merge_ps.wav,merge,ps
OAF_merge_fear.wav,merge,fear
OAF_make_sad.wav,make,sad
OAF_merge_disgust.wav,merge,disgust
OAF_match_sad.wav,match,sad
OAF_match_disgust.wav,match,disgust
OAF_make_happy.wav,make,happy
OAF_match_neutral.wav,match,neutral
OAF_mess_angry.wav,mess,angry
OAF_match_angry.wav,match,angry
OAF_make_neutral.wav,make,neutral
OAF_merge_neutral.wav,merge,neutral
OAF_match_fear.wav,match,fear
OAF_make_ps.wav,make,ps
OAF_match_ps.wav,match,ps
OAF_mess_disgust.wav,mess,disgust
OAF_mess_happy.wav,mess,happy
OAF_make_angry.wav,make,angry
OAF_love_neutral.wav,love,neutral
OAF_lot_ps.wav,lot,ps
OAF_luck_angry.wav,luck,angry
OAF_luck_sad.wav,luck,sad
OAF_love_disgust.wav,love,disgust
OAF_love_angry.wav,love,angry
OAF_luck_neutral.wav,luck,neutral
OAF_luck_disgust.wav,luck,disgust
OAF_luck_happy.wav,luck,happy
OAF_love_sad.wav,love,sad
OAF_love_happy.wav,love,happy
OAF_luck_ps.wav,luck,ps
OAF_luck_fear.wav,luck,fear
OAF_love_fear.wav,love,fear
OAF_love_ps.wav,love,ps
OAF_lot_sad.wav,lot,sad
OAF_make_disgust.wav,make,disgust
OAF_make_fear.wav,make,fear
OAF_lose_fear.wav,lose,fear
OAF_lose_ps.wav,lose,ps
OAF_lore_angry.wav,lore,angry
OAF_lose_sad.wav,lose,sad
OAF_lot_fear.wav,lot,fear
OAF_lose_neutral.wav,lose,neutral
OAF_lose_angry.wav,lose,angry
OAF_lose_happy.wav,lose,happy
OAF_lot_disgust.wav,lot,disgust
OAF_lot_angry.wav,lot,angry
OAF_lore_sad.wav,lore,sad
OAF_lore_neutral.wav,lore,neutral
OAF_lore_ps.wav,lore,ps
OAF_lore_happy.wav,lore,happy
OAF_lose_disgust.wav,lose,disgust
OAF_lot_neutral.wav,lot,neutral
OAF_lot_happy.wav,lot,happy
OAF_long_fear.wav,long,fear
OAF_long_disgust.wav,long,disgust
OAF_lore_fear.wav,lore,fear
OAF_loaf_disgust.wav,loaf,disgust
OAF_loaf_neutral.wav,loaf,neutral
OAF_long_ps.wav,long,ps
OAF_long_happy.wav,long,happy
OAF_loaf_fear.wav,loaf,fear
OAF_long_neutral.wav,long,neutral
OAF_long_angry.wav,long,angry
OAF_loaf_sad.wav,loaf,sad
OAF_loaf_happy.wav,loaf,happy
OAF_loaf_ps.wav,loaf,ps
OAF_loaf_angry.wav,loaf,angry
OAF_lore_disgust.wav,lore,disgust
OAF_live_sad.wav,live,sad
OAF_long_sad.wav,long,sad
OAF_live_ps.wav,live,ps
OAF_life_neutral.wav,life,neutral
OAF_limb_ps.wav,limb,ps
OAF_limb_fear.wav,limb,fear
OAF_live_disgust.wav,live,disgust
OAF_limb_sad.wav,limb,sad
OAF_life_angry.wav,life,angry
OAF_limb_angry.wav,limb,angry
OAF_life_happy.wav,life,happy
OAF_lid_sad.wav,lid,sad
OAF_life_ps.wav,life,ps
OAF_limb_happy.wav,limb,happy
OAF_live_fear.wav,live,fear
OAF_life_fear.wav,life,fear
OAF_limb_neutral.wav,limb,neutral
OAF_live_angry.wav,live,angry
OAF_life_sad.wav,life,sad
OAF_live_happy.wav,live,happy
OAF_limb_disgust.wav,limb,disgust
OAF_live_neutral.wav,live,neutral
OAF_pike_neutral.wav,pike,neutral
OAF_pick_angry.wav,pick,angry
OAF_pick_sad.wav,pick,sad
OAF_pick_disgust.wav,pick,disgust
OAF_phone_ps.wav,phone,ps
OAF_pike_fear.wav,pike,fear
OAF_pike_angry.wav,pike,angry
OAF_pick_neutral.wav,pick,neutral
OAF_pick_happy.wav,pick,happy
OAF_pike_happy.wav,pike,happy
OAF_pick_ps.wav,pick,ps
OAF_phone_sad.wav,phone,sad
OAF_pick_fear.wav,pick,fear
OAF_pike_ps.wav,pike,ps
OAF_pike_disgust.wav,pike,disgust
OAF_phone_neutral.wav,phone,neutral
OAF_perch_fear.wav,perch,fear
OAF_perch_angry.wav,perch,angry
OAF_perch_happy.wav,perch,happy
OAF_phone_disgust.wav,phone,disgust
OAF_phone_fear.wav,phone,fear
OAF_perch_ps.wav,perch,ps
OAF_peg_sad.wav,peg,sad
OAF_phone_angry.wav,phone,angry
OAF_perch_neutral.wav,perch,neutral
OAF_peg_ps.wav,peg,ps
OAF_perch_disgust.wav,perch,disgust
OAF_peg_neutral.wav,peg,neutral
OAF_perch_sad.wav,perch,sad
OAF_phone_happy.wav,phone,happy
OAF_pass_ps.wav,pass,ps
OAF_pass_happy.wav,pass,happy
OAF_pass_neutral.wav,pass,neutral
OAF_pearl_neutral.wav,pearl,neutral
OAF_pass_sad.wav,pass,sad
OAF_peg_happy.wav,peg,happy
OAF_pearl_disgust.wav,pearl,disgust
OAF_peg_disgust.wav,peg,disgust
OAF_pearl_ps.wav,pearl,ps
OAF_pearl_happy.wav,pearl,happy
OAF_pearl_angry.wav,pearl,angry
OAF_peg_fear.wav,peg,fear
OAF_pearl_fear.wav,pearl,fear
OAF_pearl_sad.wav,pearl,sad
OAF_peg_angry.wav,peg,angry
OAF_page_ps.wav,page,ps
OAF_pain_neutral.wav,pain,neutral
OAF_page_sad.wav,page,sad
OAF_pain_angry.wav,pain,angry
OAF_pain_ps.wav,pain,ps
OAF_page_angry.wav,page,angry
OAF_pass_angry.wav,pass,angry
OAF_page_fear.wav,page,fear
OAF_page_happy.wav,page,happy
OAF_pain_disgust.wav,pain,disgust
OAF_pain_sad.wav,pain,sad
OAF_page_neutral.wav,page,neutral
OAF_pain_happy.wav,pain,happy
OAF_pain_fear.wav,pain,fear
OAF_page_disgust.wav,page,disgust
OAF_pass_disgust.wav,pass,disgust
OAF_pass_fear.wav,pass,fear
OAF_note_fear.wav,note,fear
OAF_note_neutral.wav,note,neutral
OAF_nice_sad.wav,nice,sad
OAF_numb_neutral.wav,numb,neutral
OAF_note_sad.wav,note,sad
OAF_pad_neutral.wav,pad,neutral
OAF_pad_fear.wav,pad,fear
OAF_note_happy.wav,note,happy
OAF_numb_ps.wav,numb,ps
OAF_note_disgust.wav,note,disgust
OAF_numb_disgust.wav,numb,disgust
OAF_pad_disgust.wav,pad,disgust
OAF_numb_angry.wav,numb,angry
OAF_note_ps.wav,note,ps
OAF_pad_happy.wav,pad,happy
OAF_numb_sad.wav,numb,sad
OAF_numb_fear.wav,numb,fear
OAF_numb_happy.wav,numb,happy
OAF_pad_angry.wav,pad,angry
OAF_pad_ps.wav,pad,ps
OAF_pad_sad.wav,pad,sad
OAF_nice_happy.wav,nice,happy
OAF_note_angry.wav,note,angry
OAF_neat_happy.wav,neat,happy
OAF_neat_ps.wav,neat,ps
OAF_neat_fear.wav,neat,fear
OAF_near_happy.wav,near,happy
OAF_nice_neutral.wav,nice,neutral
OAF_nice_fear.wav,nice,fear
OAF_nice_disgust.wav,nice,disgust
OAF_neat_neutral.wav,neat,neutral
OAF_near_disgust.wav,near,disgust
OAF_neat_sad.wav,neat,sad
OAF_near_ps.wav,near,ps
OAF_neat_disgust.wav,neat,disgust
OAF_near_sad.wav,near,sad
OAF_neat_angry.wav,neat,angry
OAF_near_neutral.wav,near,neutral
OAF_nice_angry.wav,nice,angry
OAF_nice_ps.wav,nice,ps
OAF_name_ps.wav,name,ps
OAF_name_happy.wav,name,happy
OAF_nag_ps.wav,nag,ps
OAF_name_disgust.wav,name,disgust
OAF_name_angry.wav,name,angry
OAF_nag_happy.wav,nag,happy
OAF_name_sad.wav,name,sad
OAF_mouse_sad.wav,mouse,sad
OAF_name_neutral.wav,name,neutral
OAF_nag_angry.wav,nag,angry
OAF_nag_disgust.wav,nag,disgust
OAF_nag_fear.wav,nag,fear
OAF_name_fear.wav,name,fear
OAF_nag_sad.wav,nag,sad
OAF_nag_neutral.wav,nag,neutral
OAF_mouse_ps.wav,mouse,ps
OAF_near_fear.wav,near,fear
OAF_near_angry.wav,near,angry
OAF_rot_ps.wav,rot,ps
OAF_rose_neutral.wav,rose,neutral
OAF_rose_fear.wav,rose,fear
OAF_rot_angry.wav,rot,angry
OAF_rough_neutral.wav,rough,neutral
OAF_rot_disgust.wav,rot,disgust
OAF_rose_ps.wav,rose,ps
OAF_rough_angry.wav,rough,angry
OAF_rose_disgust.wav,rose,disgust
OAF_rough_happy.wav,rough,happy
OAF_rot_neutral.wav,rot,neutral
OAF_rot_sad.wav,rot,sad
OAF_rose_happy.wav,rose,happy
OAF_rose_sad.wav,rose,sad
OAF_rot_fear.wav,rot,fear
OAF_rough_disgust.wav,rough,disgust
OAF_rough_ps.wav,rough,ps
OAF_rot_happy.wav,rot,happy
OAF_rough_fear.wav,rough,fear
OAF_rush_disgust.wav,rush,disgust
OAF_room_ps.wav,room,ps
OAF_room_fear.wav,room,fear
OAF_ripe_sad.wav,ripe,sad
OAF_ripe_neutral.wav,ripe,neutral
OAF_room_angry.wav,room,angry
OAF_road_sad.wav,road,sad
OAF_room_happy.wav,room,happy
OAF_road_angry.wav,road,angry
OAF_ripe_ps.wav,ripe,ps
OAF_road_ps.wav,road,ps
OAF_road_happy.wav,road,happy
OAF_ripe_happy.wav,ripe,happy
OAF_road_neutral.wav,road,neutral
OAF_room_neutral.wav,room,neutral
OAF_room_sad.wav,room,sad
OAF_road_disgust.wav,road,disgust
OAF_road_fear.wav,road,fear
OAF_room_disgust.wav,room,disgust
OAF_rose_angry.wav,rose,angry
OAF_red_fear.wav,red,fear
OAF_ring_happy.wav,ring,happy
OAF_read_sad.wav,read,sad
OAF_red_disgust.wav,red,disgust
OAF_red_sad.wav,red,sad
OAF_red_angry.wav,red,angry
OAF_read_ps.wav,read,ps
OAF_ripe_angry.wav,ripe,angry
OAF_ring_disgust.wav,ring,disgust
OAF_ring_angry.wav,ring,angry
OAF_ring_ps.wav,ring,ps
OAF_ring_fear.wav,ring,fear
OAF_red_happy.wav,red,happy
OAF_red_ps.wav,red,ps
OAF_red_neutral.wav,red,neutral
OAF_ring_sad.wav,ring,sad
OAF_ring_neutral.wav,ring,neutral
OAF_ripe_fear.wav,ripe,fear
OAF_ripe_disgust.wav,ripe,disgust
OAF_reach_angry.wav,reach,angry
OAF_read_disgust.wav,read,disgust
OAF_reach_sad.wav,reach,sad
OAF_reach_fear.wav,reach,fear
OAF_read_fear.wav,read,fear
OAF_rat_disgust.wav,rat,disgust
OAF_reach_ps.wav,reach,ps
OAF_rat_ps.wav,rat,ps
OAF_rat_neutral.wav,rat,neutral
OAF_rat_angry.wav,rat,angry
OAF_reach_disgust.wav,reach,disgust
OAF_rat_happy.wav,rat,happy
OAF_rat_fear.wav,rat,fear
OAF_reach_neutral.wav,reach,neutral
OAF_read_angry.wav,read,angry
OAF_raise_sad.wav,raise,sad
OAF_reach_happy.wav,reach,happy
OAF_rat_sad.wav,rat,sad
OAF_read_neutral.wav,read,neutral
OAF_read_happy.wav,read,happy
OAF_rain_happy.wav,rain,happy
OAF_raise_disgust.wav,raise,disgust
OAF_raise_neutral.wav,raise,neutral
OAF_raid_ps.wav,raid,ps
OAF_raise_angry.wav,raise,angry
OAF_rain_ps.wav,rain,ps
OAF_raise_fear.wav,raise,fear
OAF_raid_sad.wav,raid,sad
OAF_rain_fear.wav,rain,fear
OAF_rain_disgust.wav,rain,disgust
OAF_rain_angry.wav,rain,angry
OAF_rain_sad.wav,rain,sad
OAF_rain_neutral.wav,rain,neutral
OAF_raise_ps.wav,raise,ps
OAF_raise_happy.wav,raise,happy
OAF_rag_neutral.wav,rag,neutral
OAF_pool_angry.wav,pool,angry
OAF_puff_neutral.wav,puff,neutral
OAF_puff_happy.wav,puff,happy
OAF_puff_angry.wav,puff,angry
OAF_rag_sad.wav,rag,sad
OAF_puff_ps.wav,puff,ps
OAF_raid_happy.wav,raid,happy
OAF_rag_happy.wav,rag,happy
OAF_rag_disgust.wav,rag,disgust
OAF_raid_disgust.wav,raid,disgust
OAF_puff_sad.wav,puff,sad
OAF_puff_fear.wav,puff,fear
OAF_raid_angry.wav,raid,angry
OAF_rag_ps.wav,rag,ps
OAF_rag_angry.wav,rag,angry
OAF_pool_fear.wav,pool,fear
OAF_rag_fear.wav,rag,fear
OAF_puff_disgust.wav,puff,disgust
OAF_raid_fear.wav,raid,fear
OAF_raid_neutral.wav,raid,neutral
OAF_pool_sad.wav,pool,sad
OAF_pool_neutral.wav,pool,neutral
OAF_pike_sad.wav,pike,sad
OAF_pool_happy.wav,pool,happy
OAF_pole_neutral.wav,pole,neutral
OAF_pole_ps.wav,pole,ps
OAF_pole_disgust.wav,pole,disgust
OAF_pole_angry.wav,pole,angry
OAF_pole_fear.wav,pole,fear
OAF_pool_disgust.wav,pool,disgust
OAF_pole_happy.wav,pole,happy
OAF_pole_sad.wav,pole,sad
OAF_pool_ps.wav,pool,ps
OAF_such_fear.wav,such,fear
OAF_sub_happy.wav,sub,happy
OAF_such_angry.wav,such,angry
OAF_south_happy.wav,south,happy
OAF_south_fear.wav,south,fear
OAF_south_sad.wav,south,sad
OAF_sub_angry.wav,sub,angry
OAF_south_disgust.wav,south,disgust
OAF_sub_neutral.wav,sub,neutral
OAF_sub_fear.wav,sub,fear
OAF_south_neutral.wav,south,neutral
OAF_sub_ps.wav,sub,ps
OAF_south_ps.wav,south,ps
OAF_sub_sad.wav,sub,sad
OAF_south_angry.wav,south,angry
OAF_sub_disgust.wav,sub,disgust
OAF_such_disgust.wav,such,disgust
OAF_such_happy.wav,such,happy
OAF_such_neutral.wav,such,neutral
OAF_size_sad.wav,size,sad
OAF_soap_fear.wav,soap,fear
OAF_soap_angry.wav,soap,angry
OAF_soap_happy.wav,soap,happy
OAF_sour_neutral.wav,sour,neutral
OAF_sour_disgust.wav,sour,disgust
OAF_soup_angry.wav,soup,angry
OAF_sour_happy.wav,sour,happy
OAF_sour_fear.wav,sour,fear
OAF_soup_sad.wav,soup,sad
OAF_soup_disgust.wav,soup,disgust
OAF_soup_happy.wav,soup,happy
OAF_soup_ps.wav,soup,ps
OAF_soup_neutral.wav,soup,neutral
OAF_soap_disgust.wav,soap,disgust
OAF_soap_sad.wav,soap,sad
OAF_soap_neutral.wav,soap,neutral
OAF_sour_angry.wav,sour,angry
OAF_soup_fear.wav,soup,fear
OAF_soap_ps.wav,soap,ps
OAF_sour_ps.wav,sour,ps
OAF_sour_sad.wav,sour,sad
OAF_size_angry.wav,size,angry
OAF_should_ps.wav,should,ps
OAF_should_neutral.wav,should,neutral
OAF_should_disgust.wav,should,disgust
OAF_should_angry.wav,should,angry
OAF_shout_sad.wav,shout,sad
OAF_should_happy.wav,should,happy
OAF_shout_neutral.wav,shout,neutral
OAF_shout_happy.wav,shout,happy
OAF_shout_fear.wav,shout,fear
OAF_shout_angry.wav,shout,angry
OAF_should_fear.wav,should,fear
OAF_shirt_sad.wav,shirt,sad
OAF_size_disgust.wav,size,disgust
OAF_shout_ps.wav,shout,ps
OAF_size_fear.wav,size,fear
OAF_size_happy.wav,size,happy
OAF_should_sad.wav,should,sad
OAF_shout_disgust.wav,shout,disgust
OAF_size_neutral.wav,size,neutral
OAF_size_ps.wav,size,ps
OAF_shawl_neutral.wav,shawl,neutral
OAF_sheep_disgust.wav,sheep,disgust
OAF_shawl_fear.wav,shawl,fear
OAF_shirt_disgust.wav,shirt,disgust
OAF_shirt_neutral.wav,shirt,neutral
OAF_shirt_fear.wav,shirt,fear
OAF_sheep_ps.wav,sheep,ps
OAF_sheep_neutral.wav,sheep,neutral
OAF_sheep_happy.wav,sheep,happy
OAF_shawl_ps.wav,shawl,ps
OAF_sheep_sad.wav,sheep,sad
OAF_shirt_angry.wav,shirt,angry
OAF_sheep_fear.wav,sheep,fear
OAF_shawl_happy.wav,shawl,happy
OAF_sheep_angry.wav,sheep,angry
OAF_shawl_disgust.wav,shawl,disgust
OAF_shawl_sad.wav,shawl,sad
OAF_shirt_happy.wav,shirt,happy
OAF_shirt_ps.wav,shirt,ps
OAF_shall_ps.wav,shall,ps
OAF_sell_ps.wav,sell,ps
OAF_shack_ps.wav,shack,ps
OAF_shall_fear.wav,shall,fear
OAF_sell_neutral.wav,sell,neutral
OAF_shack_fear.wav,shack,fear
OAF_sell_disgust.wav,sell,disgust
OAF_shall_neutral.wav,shall,neutral
OAF_shack_angry.wav,shack,angry
OAF_shall_angry.wav,shall,angry
OAF_sell_sad.wav,sell,sad
OAF_shack_neutral.wav,shack,neutral
OAF_sell_fear.wav,sell,fear
OAF_shack_disgust.wav,shack,disgust
OAF_shawl_angry.wav,shawl,angry
OAF_sell_happy.wav,sell,happy
OAF_shack_sad.wav,shack,sad
OAF_shall_disgust.wav,shall,disgust
OAF_shall_sad.wav,shall,sad
OAF_shack_happy.wav,shack,happy
OAF_shall_happy.wav,shall,happy
OAF_seize_disgust.wav,seize,disgust
OAF_sail_sad.wav,sail,sad
OAF_sail_neutral.wav,sail,neutral
OAF_seize_neutral.wav,seize,neutral
OAF_search_sad.wav,search,sad
OAF_seize_angry.wav,seize,angry
OAF_seize_ps.wav,seize,ps
OAF_search_ps.wav,search,ps
OAF_sail_ps.wav,sail,ps
OAF_search_disgust.wav,search,disgust
OAF_search_happy.wav,search,happy
OAF_search_angry.wav,search,angry
OAF_seize_happy.wav,seize,happy
OAF_seize_sad.wav,seize,sad
OAF_search_fear.wav,search,fear
OAF_search_neutral.wav,search,neutral
OAF_seize_fear.wav,seize,fear
OAF_sell_angry.wav,sell,angry
OAF_said_happy.wav,said,happy
OAF_rush_ps.wav,rush,ps
OAF_sail_disgust.wav,sail,disgust
OAF_sail_angry.wav,sail,angry
OAF_said_angry.wav,said,angry
OAF_said_ps.wav,said,ps
OAF_said_fear.wav,said,fear
OAF_rush_happy.wav,rush,happy
OAF_rush_sad.wav,rush,sad
OAF_rush_fear.wav,rush,fear
OAF_said_neutral.wav,said,neutral
OAF_rush_angry.wav,rush,angry
OAF_said_disgust.wav,said,disgust
OAF_rush_neutral.wav,rush,neutral
OAF_said_sad.wav,said,sad
OAF_rough_sad.wav,rough,sad
OAF_sail_fear.wav,sail,fear
OAF_sail_happy.wav,sail,happy
OAF_tough_fear.wav,tough,fear
OAF_tool_sad.wav,tool,sad
OAF_vine_angry.wav,vine,angry
OAF_turn_neutral.wav,turn,neutral
OAF_tough_angry.wav,tough,angry
OAF_tool_neutral.wav,tool,neutral
OAF_tool_happy.wav,tool,happy
OAF_turn_fear.wav,turn,fear
OAF_tool_ps.wav,tool,ps
OAF_turn_angry.wav,turn,angry
OAF_tool_fear.wav,tool,fear
OAF_turn_happy.wav,turn,happy
OAF_tough_sad.wav,tough,sad
OAF_turn_disgust.wav,turn,disgust
OAF_tough_neutral.wav,tough,neutral
OAF_tough_happy.wav,tough,happy
OAF_tough_disgust.wav,tough,disgust
OAF_tough_ps.wav,tough,ps
OAF_turn_ps.wav,turn,ps
OAF_tire_sad.wav,tire,sad
OAF_ton_disgust.wav,ton,disgust
OAF_tire_disgust.wav,tire,disgust
OAF_ton_happy.wav,ton,happy
OAF_tire_fear.wav,tire,fear
OAF_ton_neutral.wav,ton,neutral
OAF_ton_angry.wav,ton,angry
OAF_ton_ps.wav,ton,ps
OAF_tire_neutral.wav,tire,neutral
OAF_ton_sad.wav,ton,sad
OAF_tire_happy.wav,tire,happy
OAF_ton_fear.wav,ton,fear
OAF_tire_ps.wav,tire,ps
OAF_tire_angry.wav,tire,angry
OAF_tool_disgust.wav,tool,disgust
OAF_tool_angry.wav,tool,angry
OAF_tip_fear.wav,tip,fear
OAF_tip_disgust.wav,tip,disgust
OAF_time_ps.wav,time,ps
OAF_thumb_ps.wav,thumb,ps
OAF_time_neutral.wav,time,neutral
OAF_time_angry.wav,time,angry
OAF_tip_angry.wav,tip,angry
OAF_tip_happy.wav,tip,happy
OAF_time_disgust.wav,time,disgust
OAF_tip_neutral.wav,tip,neutral
OAF_time_happy.wav,time,happy
OAF_thumb_neutral.wav,thumb,neutral
OAF_time_fear.wav,time,fear
OAF_time_sad.wav,time,sad
OAF_tip_sad.wav,tip,sad
OAF_tip_ps.wav,tip,ps
OAF_thought_disgust.wav,thought,disgust
OAF_thumb_disgust.wav,thumb,disgust
OAF_thought_ps.wav,thought,ps
OAF_third_happy.wav,third,happy
OAF_thought_angry.wav,thought,angry
OAF_thumb_angry.wav,thumb,angry
OAF_third_sad.wav,third,sad
OAF_third_neutral.wav,third,neutral
OAF_third_angry.wav,third,angry
OAF_thought_neutral.wav,thought,neutral
OAF_third_disgust.wav,third,disgust
OAF_thumb_fear.wav,thumb,fear
OAF_third_fear.wav,third,fear
OAF_thought_sad.wav,thought,sad
OAF_third_ps.wav,third,ps
OAF_thought_happy.wav,thought,happy
OAF_thought_fear.wav,thought,fear
OAF_thumb_sad.wav,thumb,sad
OAF_thumb_happy.wav,thumb,happy
OAF_tell_ps.wav,tell,ps
OAF_thin_happy.wav,thin,happy
OAF_tell_disgust.wav,tell,disgust
OAF_thin_angry.wav,thin,angry
OAF_tell_angry.wav,tell,angry
OAF_team_ps.wav,team,ps
OAF_team_sad.wav,team,sad
OAF_tell_neutral.wav,tell,neutral
OAF_thin_disgust.wav,thin,disgust
OAF_tell_fear.wav,tell,fear
OAF_tell_sad.wav,tell,sad
OAF_thin_ps.wav,thin,ps
OAF_thin_fear.wav,thin,fear
OAF_tell_happy.wav,tell,happy
OAF_thin_sad.wav,thin,sad
OAF_thin_neutral.wav,thin,neutral
OAF_talk_fear.wav,talk,fear
OAF_talk_ps.wav,talk,ps
OAF_tape_angry.wav,tape,angry
OAF_tape_fear.wav,tape,fear
OAF_team_fear.wav,team,fear
OAF_talk_sad.wav,talk,sad
OAF_talk_neutral.wav,talk,neutral
OAF_team_disgust.wav,team,disgust
OAF_tape_ps.wav,tape,ps
OAF_tape_neutral.wav,tape,neutral
OAF_tape_disgust.wav,tape,disgust
OAF_team_angry.wav,team,angry
OAF_tape_happy.wav,tape,happy
OAF_tape_sad.wav,tape,sad
OAF_team_neutral.wav,team,neutral
OAF_team_happy.wav,team,happy
OAF_take_angry.wav,take,angry
OAF_take_fear.wav,take,fear
OAF_talk_angry.wav,talk,angry
OAF_take_happy.wav,take,happy
OAF_sure_ps.wav,sure,ps
OAF_such_sad.wav,such,sad
OAF_take_disgust.wav,take,disgust
OAF_take_sad.wav,take,sad
OAF_take_neutral.wav,take,neutral
OAF_sure_disgust.wav,sure,disgust
OAF_sure_angry.wav,sure,angry
OAF_sure_fear.wav,sure,fear
OAF_such_ps.wav,such,ps
OAF_sure_neutral.wav,sure,neutral
OAF_sure_sad.wav,sure,sad
OAF_take_ps.wav,take,ps
OAF_sure_happy.wav,sure,happy
OAF_talk_happy.wav,talk,happy
OAF_talk_disgust.wav,talk,disgust
OAF_wife_happy.wav,wife,happy
OAF_wife_angry.wav,wife,angry
OAF_white_disgust.wav,white,disgust
OAF_whip_sad.wav,whip,sad
OAF_white_sad.wav,white,sad
OAF_white_neutral.wav,white,neutral
OAF_white_angry.wav,white,angry
OAF_whip_ps.wav,whip,ps
OAF_wife_disgust.wav,wife,disgust
OAF_white_happy.wav,white,happy
OAF_whip_happy.wav,whip,happy
OAF_whip_fear.wav,whip,fear
OAF_white_fear.wav,white,fear
OAF_white_ps.wav,white,ps
OAF_when_disgust.wav,when,disgust
OAF_which_neutral.wav,which,neutral
OAF_which_sad.wav,which,sad
OAF_which_ps.wav,which,ps
OAF_when_happy.wav,when,happy
OAF_when_angry.wav,when,angry
OAF_which_happy.wav,which,happy
OAF_when_sad.wav,when,sad
OAF_which_disgust.wav,which,disgust
OAF_when_ps.wav,when,ps
OAF_whip_angry.wav,whip,angry
OAF_when_fear.wav,when,fear
OAF_which_fear.wav,which,fear
OAF_which_angry.wav,which,angry
OAF_whip_neutral.wav,whip,neutral
OAF_whip_disgust.wav,whip,disgust
OAF_wheat_sad.wav,wheat,sad
OAF_wheat_ps.wav,wheat,ps
OAF_wheat_fear.wav,wheat,fear
OAF_week_sad.wav,week,sad
OAF_wheat_neutral.wav,wheat,neutral
OAF_wheat_disgust.wav,wheat,disgust
OAF_wheat_angry.wav,wheat,angry
OAF_wheat_happy.wav,wheat,happy
OAF_when_neutral.wav,when,neutral
OAF_week_happy.wav,week,happy
OAF_wash_ps.wav,wash,ps
OAF_walk_fear.wav,walk,fear
OAF_week_disgust.wav,week,disgust
OAF_walk_happy.wav,walk,happy
OAF_wash_angry.wav,wash,angry
OAF_walk_ps.wav,walk,ps
OAF_wash_neutral.wav,wash,neutral
OAF_wash_fear.wav,wash,fear
OAF_wag_sad.wav,wag,sad
OAF_week_neutral.wav,week,neutral
OAF_week_fear.wav,week,fear
OAF_week_angry.wav,week,angry
OAF_wash_happy.wav,wash,happy
OAF_walk_neutral.wav,walk,neutral
OAF_wash_disgust.wav,wash,disgust
OAF_walk_sad.wav,walk,sad
OAF_wash_sad.wav,wash,sad
OAF_week_ps.wav,week,ps
OAF_wag_fear.wav,wag,fear
OAF_wag_neutral.wav,wag,neutral
OAF_vote_fear.wav,vote,fear
OAF_wag_angry.wav,wag,angry
OAF_void_neutral.wav,void,neutral
OAF_vote_angry.wav,vote,angry
OAF_walk_disgust.wav,walk,disgust
OAF_vote_disgust.wav,vote,disgust
OAF_wag_ps.wav,wag,ps
OAF_void_ps.wav,void,ps
OAF_wag_disgust.wav,wag,disgust
OAF_vote_neutral.wav,vote,neutral
OAF_void_sad.wav,void,sad
OAF_vote_happy.wav,vote,happy
OAF_wag_happy.wav,wag,happy
OAF_vote_sad.wav,vote,sad
OAF_vote_ps.wav,vote,ps
OAF_walk_angry.wav,walk,angry
OAF_turn_sad.wav,turn,sad
OAF_void_happy.wav,void,happy
OAF_void_angry.wav,void,angry
OAF_voice_sad.wav,voice,sad
OAF_vine_fear.wav,vine,fear
OAF_vine_disgust.wav,vine,disgust
OAF_voice_angry.wav,voice,angry
OAF_voice_happy.wav,voice,happy
OAF_voice_disgust.wav,voice,disgust
OAF_vine_sad.wav,vine,sad
OAF_voice_ps.wav,voice,ps
OAF_voice_fear.wav,voice,fear
OAF_voice_neutral.wav,voice,neutral
OAF_vine_neutral.wav,vine,neutral
OAF_vine_happy.wav,vine,happy
OAF_vine_ps.wav,vine,ps
OAF_void_fear.wav,void,fear
OAF_void_disgust.wav,void,disgust
YAF_bought_fear.wav,bought,fear
YAF_bone_angry.wav,bone,angry
YAF_book_fear.wav,book,fear
YAF_book_angry.wav,book,angry
YAF_bone_sad.wav,bone,sad
YAF_book_sad.wav,book,sad
YAF_book_ps.wav,book,ps
YAF_bought_angry.wav,bought,angry
YAF_bone_fear.wav,bone,fear
YAF_bone_neutral.wav,bone,neutral
YAF_bone_disgust.wav,bone,disgust
YAF_book_neutral.wav,book,neutral
YAF_book_happy.wav,book,happy
YAF_bone_ps.wav,bone,ps
YAF_bone_happy.wav,bone,happy
YAF_book_disgust.wav,book,disgust
YAF_bought_disgust.wav,bought,disgust
YAF_boat_ps.wav,boat,ps
YAF_boat_fear.wav,boat,fear
YAF_bite_sad.wav,bite,sad
YAF_bite_happy.wav,bite,happy
YAF_boat_neutral.wav,boat,neutral
YAF_bite_fear.wav,bite,fear
YAF_bite_angry.wav,bite,angry
YAF_boat_angry.wav,boat,angry
YAF_bite_ps.wav,bite,ps
YAF_boat_disgust.wav,boat,disgust
YAF_beg_happy.wav,beg,happy
YAF_boat_sad.wav,boat,sad
YAF_beg_sad.wav,beg,sad
YAF_bite_neutral.wav,bite,neutral
YAF_bite_disgust.wav,bite,disgust
YAF_boat_happy.wav,boat,happy
YAF_bath_fear.wav,bath,fear
YAF_bean_ps.wav,bean,ps
YAF_bean_happy.wav,bean,happy
YAF_bean_disgust.wav,bean,disgust
YAF_bath_happy.wav,bath,happy
YAF_beg_disgust.wav,beg,disgust
YAF_bean_neutral.wav,bean,neutral
YAF_bath_neutral.wav,bath,neutral
YAF_bean_angry.wav,bean,angry
YAF_bath_sad.wav,bath,sad
YAF_beg_angry.wav,beg,angry
YAF_beg_fear.wav,beg,fear
YAF_bean_sad.wav,bean,sad
YAF_bean_fear.wav,bean,fear
YAF_bath_ps.wav,bath,ps
YAF_beg_ps.wav,beg,ps
YAF_beg_neutral.wav,beg,neutral
YAF_base_happy.wav,base,happy
YAF_base_neutral.wav,base,neutral
YAF_back_sad.wav,back,sad
YAF_bar_happy.wav,bar,happy
YAF_bath_angry.wav,bath,angry
YAF_base_angry.wav,base,angry
YAF_base_disgust.wav,base,disgust
YAF_bar_angry.wav,bar,angry
YAF_bar_disgust.wav,bar,disgust
YAF_bar_fear.wav,bar,fear
YAF_base_fear.wav,base,fear
YAF_bar_sad.wav,bar,sad
YAF_bar_neutral.wav,bar,neutral
YAF_base_ps.wav,base,ps
YAF_bar_ps.wav,bar,ps
YAF_bath_disgust.wav,bath,disgust
YAF_base_sad.wav,base,sad
YAF_back_neutral.wav,back,neutral
YAF_back_ps.wav,back,ps
OAF_young_ps.wav,young,ps
OAF_young_sad.wav,young,sad
OAF_young_happy.wav,young,happy
OAF_youth_happy.wav,youth,happy
YAF_back_fear.wav,back,fear
OAF_youth_fear.wav,youth,fear
OAF_youth_angry.wav,youth,angry
OA_bite_neutral.wav,bite,neutral
OAF_youth_ps.wav,youth,ps
YAF_back_disgust.wav,back,disgust
OAF_youth_sad.wav,youth,sad
OAF_youth_neutral.wav,youth,neutral
YAF_back_angry.wav,back,angry
YAF_back_happy.wav,back,happy
OAF_youth_disgust.wav,youth,disgust
OAF_young_neutral.wav,young,neutral
OAF_yes_fear.wav,yes,fear
OAF_yearn_angry.wav,yearn,angry
OAF_yearn_fear.wav,yearn,fear
OAF_yearn_ps.wav,yearn,ps
OAF_yearn_happy.wav,yearn,happy
OAF_yes_neutral.wav,yes,neutral
OAF_yes_sad.wav,yes,sad
OAF_yearn_sad.wav,yearn,sad
OAF_yearn_disgust.wav,yearn,disgust
OAF_yes_ps.wav,yes,ps
OAF_yearn_neutral.wav,yearn,neutral
OAF_yes_angry.wav,yes,angry
OAF_yes_happy.wav,yes,happy
OAF_young_angry.wav,young,angry
OAF_yes_disgust.wav,yes,disgust
OAF_young_fear.wav,young,fear
OAF_young_disgust.wav,young,disgust
OAF_wire_neutral.wav,wire,neutral
OAF_wire_happy.wav,wire,happy
OAF_wire_fear.wav,wire,fear
OAF_wife_fear.wav,wife,fear
OAF_wife_neutral.wav,wife,neutral
OAF_wire_ps.wav,wire,ps
OAF_wire_sad.wav,wire,sad
OAF_wire_disgust.wav,wire,disgust
OAF_witch_happy.wav,witch,happy
OAF_witch_disgust.wav,witch,disgust
OAF_wife_ps.wav,wife,ps
OAF_wife_sad.wav,wife,sad
OAF_witch_angry.wav,witch,angry
OAF_wire_angry.wav,wire,angry
OAF_witch_neutral.wav,witch,neutral
OAF_witch_fear.wav,witch,fear
OAF_witch_sad.wav,witch,sad
OAF_witch_ps.wav,witch,ps
YAF_cool_disgust.wav,cool,disgust
YAF_choice_neutral.wav,choice,neutral
YAF_cool_happy.wav,cool,happy
YAF_dab_disgust.wav,dab,disgust
YAF_cool_sad.wav,cool,sad
YAF_cool_angry.wav,cool,angry
YAF_cool_neutral.wav,cool,neutral
YAF_cool_fear.wav,cool,fear
YAF_choice_sad.wav,choice,sad
YAF_choice_ps.wav,choice,ps
YAF_cool_ps.wav,cool,ps
YAF_dab_angry.wav,dab,angry
YAF_dab_fear.wav,dab,fear
YAF_dab_happy.wav,dab,happy
YAF_chief_sad.wav,chief,sad
YAF_chief_angry.wav,chief,angry
YAF_cheek_happy.wav,cheek,happy
YAF_choice_angry.wav,choice,angry
YAF_cheek_neutral.wav,cheek,neutral
YAF_choice_disgust.wav,choice,disgust
YAF_chief_neutral.wav,chief,neutral
YAF_chief_fear.wav,chief,fear
YAF_chief_disgust.wav,chief,disgust
YAF_chief_happy.wav,chief,happy
YAF_cheek_sad.wav,cheek,sad
YAF_cheek_disgust.wav,cheek,disgust
YAF_chief_ps.wav,chief,ps
YAF_cheek_ps.wav,cheek,ps
YAF_cheek_fear.wav,cheek,fear
YAF_choice_fear.wav,choice,fear
YAF_choice_happy.wav,choice,happy
YAF_chat_neutral.wav,chat,neutral
YAF_check_ps.wav,check,ps
YAF_chat_ps.wav,chat,ps
YAF_chat_happy.wav,chat,happy
YAF_check_happy.wav,check,happy
YAF_check_neutral.wav,check,neutral
YAF_check_disgust.wav,check,disgust
YAF_chat_fear.wav,chat,fear
YAF_check_angry.wav,check,angry
YAF_chat_sad.wav,chat,sad
YAF_check_fear.wav,check,fear
YAF_check_sad.wav,check,sad
YAF_cheek_angry.wav,cheek,angry
YAF_chalk_disgust.wav,chalk,disgust
YAF_chair_ps.wav,chair,ps
YAF_chair_disgust.wav,chair,disgust
YAF_chair_happy.wav,chair,happy
YAF_chalk_sad.wav,chalk,sad
YAF_chalk_neutral.wav,chalk,neutral
YAF_chair_angry.wav,chair,angry
YAF_chalk_angry.wav,chalk,angry
YAF_chair_neutral.wav,chair,neutral
YAF_chain_ps.wav,chain,ps
YAF_chain_sad.wav,chain,sad
YAF_chalk_ps.wav,chalk,ps
YAF_chair_fear.wav,chair,fear
YAF_chair_sad.wav,chair,sad
YAF_chain_neutral.wav,chain,neutral
YAF_chalk_fear.wav,chalk,fear
YAF_chalk_happy.wav,chalk,happy
YAF_chat_angry.wav,chat,angry
YAF_chat_disgust.wav,chat,disgust
YAF_cause_fear.wav,cause,fear
YAF_cause_ps.wav,cause,ps
YAF_cause_happy.wav,cause,happy
YAF_chain_angry.wav,chain,angry
YAF_chain_disgust.wav,chain,disgust
YAF_cause_sad.wav,cause,sad
YAF_cause_neutral.wav,cause,neutral
YAF_chain_fear.wav,chain,fear
YAF_chain_happy.wav,chain,happy
YAF_cause_angry.wav,cause,angry
YAF_cause_disgust.wav,cause,disgust
YAF_came_neutral.wav,came,neutral
YAF_calm_sad.wav,calm,sad
YAF_calm_angry.wav,calm,angry
YAF_calm_ps.wav,calm,ps
YAF_calm_neutral.wav,calm,neutral
YAF_cab_sad.wav,cab,sad
YAF_came_angry.wav,came,angry
YAF_came_fear.wav,came,fear
YAF_calm_happy.wav,calm,happy
YAF_came_disgust.wav,came,disgust
YAF_came_happy.wav,came,happy
YAF_calm_fear.wav,calm,fear
YAF_calm_disgust.wav,calm,disgust
YAF_came_ps.wav,came,ps
YAF_came_sad.wav,came,sad
YAF_burn_happy.wav,burn,happy
YAF_cab_happy.wav,cab,happy
YAF_bought_sad.wav,bought,sad
YAF_burn_fear.wav,burn,fear
YAF_burn_disgust.wav,burn,disgust
YAF_cab_fear.wav,cab,fear
YAF_burn_angry.wav,burn,angry
YAF_burn_ps.wav,burn,ps
YAF_burn_sad.wav,burn,sad
YAF_bought_ps.wav,bought,ps
YAF_bought_neutral.wav,bought,neutral
YAF_cab_disgust.wav,cab,disgust
YAF_bought_happy.wav,bought,happy
YAF_cab_angry.wav,cab,angry
YAF_burn_neutral.wav,burn,neutral
YAF_cab_neutral.wav,cab,neutral
YAF_cab_ps.wav,cab,ps
YAF_fit_fear.wav,fit,fear
YAF_fat_neutral.wav,fat,neutral
YAF_fat_sad.wav,fat,sad
YAF_fit_ps.wav,fit,ps
YAF_fit_disgust.wav,fit,disgust
YAF_fat_angry.wav,fat,angry
YAF_fit_neutral.wav,fit,neutral
YAF_fat_ps.wav,fat,ps
YAF_fit_happy.wav,fit,happy
YAF_fit_angry.wav,fit,angry
YAF_fat_happy.wav,fat,happy
YAF_fat_fear.wav,fat,fear
YAF_far_sad.wav,far,sad
YAF_fat_disgust.wav,fat,disgust
YAF_five_angry.wav,five,angry
YAF_five_disgust.wav,five,disgust
YAF_fall_happy.wav,fall,happy
YAF_fall_ps.wav,fall,ps
YAF_far_disgust.wav,far,disgust
YAF_fail_happy.wav,fail,happy
YAF_far_fear.wav,far,fear
YAF_fall_angry.wav,fall,angry
YAF_fall_fear.wav,fall,fear
YAF_far_angry.wav,far,angry
YAF_fall_sad.wav,fall,sad
YAF_fail_fear.wav,fail,fear
YAF_fail_neutral.wav,fail,neutral
YAF_fail_ps.wav,fail,ps
YAF_fall_disgust.wav,fall,disgust
YAF_far_neutral.wav,far,neutral
YAF_fail_sad.wav,fail,sad
YAF_fall_neutral.wav,fall,neutral
YAF_far_happy.wav,far,happy
YAF_far_ps.wav,far,ps
YAF_door_sad.wav,door,sad
YAF_door_fear.wav,door,fear
YAF_door_neutral.wav,door,neutral
YAF_doll_fear.wav,doll,fear
YAF_door_disgust.wav,door,disgust
YAF_doll_neutral.wav,doll,neutral
YAF_doll_disgust.wav,doll,disgust
YAF_doll_angry.wav,doll,angry
YAF_dog_ps.wav,dog,ps
YAF_door_ps.wav,door,ps
YAF_door_angry.wav,door,angry
YAF_door_happy.wav,door,happy
YAF_doll_happy.wav,doll,happy
YAF_doll_sad.wav,doll,sad
YAF_dog_neutral.wav,dog,neutral
YAF_doll_ps.wav,doll,ps
YAF_dog_happy.wav,dog,happy
YAF_dog_sad.wav,dog,sad
YAF_fail_disgust.wav,fail,disgust
YAF_fail_angry.wav,fail,angry
YAF_dodge_angry.wav,dodge,angry
YAF_ditch_ps.wav,ditch,ps
YAF_dodge_happy.wav,dodge,happy
YAF_dodge_disgust.wav,dodge,disgust
YAF_dog_angry.wav,dog,angry
YAF_dodge_neutral.wav,dodge,neutral
YAF_ditch_neutral.wav,ditch,neutral
YAF_ditch_sad.wav,ditch,sad
YAF_dodge_sad.wav,dodge,sad
YAF_dodge_ps.wav,dodge,ps
YAF_ditch_fear.wav,ditch,fear
YAF_ditch_happy.wav,ditch,happy
YAF_dodge_fear.wav,dodge,fear
YAF_dog_fear.wav,dog,fear
YAF_dog_disgust.wav,dog,disgust
YAF_dip_neutral.wav,dip,neutral
YAF_dip_happy.wav,dip,happy
YAF_dime_fear.wav,dime,fear
YAF_dip_disgust.wav,dip,disgust
YAF_dime_neutral.wav,dime,neutral
YAF_dime_sad.wav,dime,sad
YAF_dime_angry.wav,dime,angry
YAF_dime_disgust.wav,dime,disgust
YAF_dip_ps.wav,dip,ps
YAF_dip_fear.wav,dip,fear
YAF_dime_ps.wav,dime,ps
YAF_deep_sad.wav,deep,sad
YAF_dime_happy.wav,dime,happy
YAF_deep_ps.wav,deep,ps
YAF_dip_sad.wav,dip,sad
YAF_dip_angry.wav,dip,angry
YAF_ditch_angry.wav,ditch,angry
YAF_ditch_disgust.wav,ditch,disgust
YAF_death_neutral.wav,death,neutral
YAF_death_angry.wav,death,angry
YAF_death_happy.wav,death,happy
YAF_deep_disgust.wav,deep,disgust
YAF_death_sad.wav,death,sad
YAF_death_ps.wav,death,ps
YAF_deep_angry.wav,deep,angry
YAF_death_disgust.wav,death,disgust
YAF_death_fear.wav,death,fear
YAF_deep_fear.wav,deep,fear
YAF_dead_sad.wav,dead,sad
YAF_dead_ps.wav,dead,ps
YAF_deep_neutral.wav,deep,neutral
YAF_deep_happy.wav,deep,happy
YAF_date_sad.wav,date,sad
YAF_dead_neutral.wav,dead,neutral
YAF_dab_ps.wav,dab,ps
YAF_date_ps.wav,date,ps
YAF_date_angry.wav,date,angry
YAF_dead_fear.wav,dead,fear
YAF_date_happy.wav,date,happy
YAF_dead_disgust.wav,dead,disgust
YAF_dead_angry.wav,dead,angry
YAF_date_fear.wav,date,fear
YAF_dab_sad.wav,dab,sad
YAF_dab_neutral.wav,dab,neutral
YAF_date_disgust.wav,date,disgust
YAF_date_neutral.wav,date,neutral
YAF_dead_happy.wav,dead,happy
YAF_have_ps.wav,have,ps
YAF_have_angry.wav,have,angry
YAF_hate_angry.wav,hate,angry
YAF_have_disgust.wav,have,disgust
YAF_hate_ps.wav,hate,ps
YAF_hate_sad.wav,hate,sad
YAF_hash_neutral.wav,hash,neutral
YAF_haze_angry.wav,haze,angry
YAF_hash_ps.wav,hash,ps
YAF_have_fear.wav,have,fear
YAF_hate_fear.wav,hate,fear
YAF_hate_disgust.wav,hate,disgust
YAF_have_happy.wav,have,happy
YAF_have_sad.wav,have,sad
YAF_have_neutral.wav,have,neutral
YAF_hate_happy.wav,hate,happy
YAF_hate_neutral.wav,hate,neutral
YAF_hash_sad.wav,hash,sad
YAF_haze_happy.wav,haze,happy
YAF_haze_fear.wav,haze,fear
YAF_hall_ps.wav,hall,ps
YAF_half_ps.wav,half,ps
YAF_half_fear.wav,half,fear
YAF_half_sad.wav,half,sad
YAF_half_neutral.wav,half,neutral
YAF_hash_happy.wav,hash,happy
YAF_hall_fear.wav,hall,fear
YAF_hall_disgust.wav,hall,disgust
YAF_hall_angry.wav,hall,angry
YAF_half_happy.wav,half,happy
YAF_hash_fear.wav,hash,fear
YAF_hall_sad.wav,hall,sad
YAF_hall_neutral.wav,hall,neutral
YAF_hash_disgust.wav,hash,disgust
YAF_hall_happy.wav,hall,happy
YAF_hash_angry.wav,hash,angry
YAF_good_ps.wav,good,ps
YAF_gun_fear.wav,gun,fear
YAF_goose_sad.wav,goose,sad
YAF_gun_disgust.wav,gun,disgust
YAF_goose_ps.wav,goose,ps
YAF_good_sad.wav,good,sad
YAF_gun_angry.wav,gun,angry
YAF_gun_sad.wav,gun,sad
YAF_goose_happy.wav,goose,happy
YAF_goose_neutral.wav,goose,neutral
YAF_goose_disgust.wav,goose,disgust
YAF_gun_ps.wav,gun,ps
YAF_gun_happy.wav,gun,happy
YAF_goose_fear.wav,goose,fear
YAF_gun_neutral.wav,gun,neutral
YAF_half_disgust.wav,half,disgust
YAF_half_angry.wav,half,angry
YAF_good_fear.wav,good,fear
YAF_goal_fear.wav,goal,fear
YAF_gin_happy.wav,gin,happy
YAF_good_happy.wav,good,happy
YAF_goal_happy.wav,goal,happy
YAF_goal_angry.wav,goal,angry
YAF_goal_disgust.wav,goal,disgust
YAF_good_angry.wav,good,angry
YAF_gin_disgust.wav,gin,disgust
YAF_goal_ps.wav,goal,ps
YAF_gin_neutral.wav,gin,neutral
YAF_gin_sad.wav,gin,sad
YAF_goal_neutral.wav,goal,neutral
YAF_good_disgust.wav,good,disgust
YAF_goal_sad.wav,goal,sad
YAF_gin_ps.wav,gin,ps
YAF_gin_fear.wav,gin,fear
YAF_goose_angry.wav,goose,angry
YAF_good_neutral.wav,good,neutral
YAF_gaze_sad.wav,gaze,sad
YAF_get_fear.wav,get,fear
YAF_germ_neutral.wav,germ,neutral
YAF_gaze_fear.wav,gaze,fear
YAF_germ_ps.wav,germ,ps
YAF_get_sad.wav,get,sad
YAF_germ_happy.wav,germ,happy
YAF_germ_disgust.wav,germ,disgust
YAF_get_happy.wav,get,happy
YAF_germ_sad.wav,germ,sad
YAF_germ_fear.wav,germ,fear
YAF_get_angry.wav,get,angry
YAF_gaze_neutral.wav,gaze,neutral
YAF_gaze_ps.wav,gaze,ps
YAF_get_neutral.wav,get,neutral
YAF_germ_angry.wav,germ,angry
YAF_get_ps.wav,get,ps
YAF_get_disgust.wav,get,disgust
YAF_gin_angry.wav,gin,angry
YAF_gas_neutral.wav,gas,neutral
YAF_gas_fear.wav,gas,fear
YAF_gap_sad.wav,gap,sad
YAF_gas_disgust.wav,gas,disgust
YAF_gas_sad.wav,gas,sad
YAF_gaze_angry.wav,gaze,angry
YAF_gaze_happy.wav,gaze,happy
YAF_gas_ps.wav,gas,ps
YAF_gas_happy.wav,gas,happy
YAF_gaze_disgust.wav,gaze,disgust
YAF_gap_ps.wav,gap,ps
YAF_food_sad.wav,food,sad
YAF_five_happy.wav,five,happy
YAF_food_happy.wav,food,happy
YAF_gap_neutral.wav,gap,neutral
YAF_five_neutral.wav,five,neutral
YAF_food_angry.wav,food,angry
YAF_gap_disgust.wav,gap,disgust
YAF_food_disgust.wav,food,disgust
YAF_fit_sad.wav,fit,sad
YAF_gap_fear.wav,gap,fear
YAF_food_ps.wav,food,ps
YAF_five_sad.wav,five,sad
YAF_gap_angry.wav,gap,angry
YAF_food_neutral.wav,food,neutral
YAF_five_ps.wav,five,ps
YAF_gap_happy.wav,gap,happy
YAF_five_fear.wav,five,fear
YAF_food_fear.wav,food,fear
YAF_gas_angry.wav,gas,angry
YAF_kill_angry.wav,kill,angry
YAF_king_angry.wav,king,angry
YAF_kick_sad.wav,kick,sad
YAF_kick_neutral.wav,kick,neutral
YAF_keg_sad.wav,keg,sad
YAF_kick_disgust.wav,kick,disgust
YAF_kick_fear.wav,kick,fear
YAF_keg_ps.wav,keg,ps
YAF_kill_fear.wav,kill,fear
YAF_kick_happy.wav,kick,happy
YAF_kill_ps.wav,kill,ps
YAF_kill_happy.wav,kill,happy
YAF_kill_sad.wav,kill,sad
YAF_kill_neutral.wav,kill,neutral
YAF_kick_angry.wav,kick,angry
YAF_kill_disgust.wav,kill,disgust
YAF_kick_ps.wav,kick,ps
YAF_king_disgust.wav,king,disgust
YAF_king_happy.wav,king,happy
YAF_keen_fear.wav,keen,fear
YAF_keen_happy.wav,keen,happy
YAF_keep_disgust.wav,keep,disgust
YAF_keep_ps.wav,keep,ps
YAF_keg_fear.wav,keg,fear
YAF_keg_disgust.wav,keg,disgust
YAF_keen_neutral.wav,keen,neutral
YAF_keen_disgust.wav,keen,disgust
YAF_keep_fear.wav,keep,fear
YAF_keg_angry.wav,keg,angry
YAF_keep_neutral.wav,keep,neutral
YAF_keen_ps.wav,keen,ps
YAF_keep_sad.wav,keep,sad
YAF_keep_happy.wav,keep,happy
YAF_keen_sad.wav,keen,sad
YAF_keep_angry.wav,keep,angry
YAF_keg_neutral.wav,keg,neutral
YAF_keg_happy.wav,keg,happy
YAF_keen_angry.wav,keen,angry
YAF_juice_neutral.wav,juice,neutral
YAF_juice_disgust.wav,juice,disgust
YAF_jug_ps.wav,jug,ps
YAF_juice_angry.wav,juice,angry
YAF_judge_ps.wav,judge,ps
YAF_juice_happy.wav,juice,happy
YAF_jug_fear.wav,jug,fear
YAF_juice_ps.wav,juice,ps
YAF_jug_neutral.wav,jug,neutral
YAF_juice_fear.wav,juice,fear
YAF_jug_sad.wav,jug,sad
YAF_jug_angry.wav,jug,angry
YAF_judge_happy.wav,judge,happy
YAF_jug_disgust.wav,jug,disgust
YAF_judge_neutral.wav,judge,neutral
YAF_jug_happy.wav,jug,happy
YAF_juice_sad.wav,juice,sad
YAF_jar_ps.wav,jar,ps
YAF_join_ps.wav,join,ps
YAF_jar_neutral.wav,jar,neutral
YAF_join_disgust.wav,join,disgust
YAF_jar_happy.wav,jar,happy
YAF_judge_disgust.wav,judge,disgust
YAF_judge_angry.wav,judge,angry
YAF_join_fear.wav,join,fear
YAF_jar_sad.wav,jar,sad
YAF_join_sad.wav,join,sad
YAF_join_angry.wav,join,angry
YAF_join_happy.wav,join,happy
YAF_join_neutral.wav,join,neutral
YAF_judge_fear.wav,judge,fear
YAF_judge_sad.wav,judge,sad
YAF_jail_ps.wav,jail,ps
YAF_jail_fear.wav,jail,fear
YAF_hush_angry.wav,hush,angry
YAF_hush_happy.wav,hush,happy
YAF_jail_happy.wav,jail,happy
YAF_jar_angry.wav,jar,angry
YAF_jail_sad.wav,jail,sad
YAF_jail_angry.wav,jail,angry
YAF_hush_sad.wav,hush,sad
YAF_jail_neutral.wav,jail,neutral
YAF_hush_ps.wav,hush,ps
YAF_hush_fear.wav,hush,fear
YAF_jail_disgust.wav,jail,disgust
YAF_hush_neutral.wav,hush,neutral
YAF_hush_disgust.wav,hush,disgust
YAF_jar_fear.wav,jar,fear
YAF_jar_disgust.wav,jar,disgust
YAF_hurl_happy.wav,hurl,happy
YAF_home_disgust.wav,home,disgust
YAF_hole_ps.wav,hole,ps
YAF_hole_sad.wav,hole,sad
YAF_hole_neutral.wav,hole,neutral
YAF_home_happy.wav,home,happy
YAF_home_fear.wav,home,fear
YAF_hurl_neutral.wav,hurl,neutral
YAF_hurl_fear.wav,hurl,fear
YAF_home_angry.wav,home,angry
YAF_home_ps.wav,home,ps
YAF_hole_happy.wav,hole,happy
YAF_hurl_disgust.wav,hurl,disgust
YAF_hurl_angry.wav,hurl,angry
YAF_home_neutral.wav,home,neutral
YAF_home_sad.wav,home,sad
YAF_hole_fear.wav,hole,fear
YAF_hurl_ps.wav,hurl,ps
YAF_hurl_sad.wav,hurl,sad
YAF_hole_disgust.wav,hole,disgust
YAF_hit_sad.wav,hit,sad
YAF_hit_neutral.wav,hit,neutral
YAF_hit_fear.wav,hit,fear
YAF_hit_disgust.wav,hit,disgust
YAF_hire_angry.wav,hire,angry
YAF_haze_disgust.wav,haze,disgust
YAF_haze_neutral.wav,haze,neutral
YAF_hire_fear.wav,hire,fear
YAF_hire_sad.wav,hire,sad
YAF_hire_neutral.wav,hire,neutral
YAF_haze_ps.wav,haze,ps
YAF_hit_happy.wav,hit,happy
YAF_haze_sad.wav,haze,sad
YAF_hire_ps.wav,hire,ps
YAF_hit_ps.wav,hit,ps
YAF_hire_happy.wav,hire,happy
YAF_hit_angry.wav,hit,angry
YAF_hire_disgust.wav,hire,disgust
YAF_hole_angry.wav,hole,angry
YAF_lot_neutral.wav,lot,neutral
YAF_lose_ps.wav,lose,ps
YAF_lose_sad.wav,lose,sad
YAF_lose_fear.wav,lose,fear
YAF_love_angry.wav,love,angry
YAF_lot_angry.wav,lot,angry
YAF_lose_happy.wav,lose,happy
YAF_lot_disgust.wav,lot,disgust
YAF_lot_ps.wav,lot,ps
YAF_lot_happy.wav,lot,happy
YAF_lose_angry.wav,lose,angry
YAF_lore_sad.wav,lore,sad
YAF_lot_sad.wav,lot,sad
YAF_lose_neutral.wav,lose,neutral
YAF_lot_fear.wav,lot,fear
YAF_lose_disgust.wav,lose,disgust
YAF_love_fear.wav,love,fear
YAF_love_disgust.wav,love,disgust
YAF_long_fear.wav,long,fear
YAF_loaf_neutral.wav,loaf,neutral
YAF_loaf_disgust.wav,loaf,disgust
YAF_lore_ps.wav,lore,ps
YAF_long_angry.wav,long,angry
YAF_loaf_sad.wav,loaf,sad
YAF_long_disgust.wav,long,disgust
YAF_long_ps.wav,long,ps
YAF_lore_disgust.wav,lore,disgust
YAF_loaf_ps.wav,loaf,ps
YAF_long_sad.wav,long,sad
YAF_long_neutral.wav,long,neutral
YAF_long_happy.wav,long,happy
YAF_loaf_happy.wav,loaf,happy
YAF_lore_happy.wav,lore,happy
YAF_lore_angry.wav,lore,angry
YAF_lore_neutral.wav,lore,neutral
YAF_lore_fear.wav,lore,fear
YAF_limb_ps.wav,limb,ps
YAF_live_fear.wav,live,fear
YAF_limb_happy.wav,limb,happy
YAF_loaf_fear.wav,loaf,fear
YAF_limb_neutral.wav,limb,neutral
YAF_limb_sad.wav,limb,sad
YAF_live_sad.wav,live,sad
YAF_live_happy.wav,live,happy
YAF_live_neutral.wav,live,neutral
YAF_live_angry.wav,live,angry
YAF_limb_fear.wav,limb,fear
YAF_limb_disgust.wav,limb,disgust
YAF_live_disgust.wav,live,disgust
YAF_life_ps.wav,life,ps
YAF_life_sad.wav,life,sad
YAF_live_ps.wav,live,ps
YAF_loaf_angry.wav,loaf,angry
YAF_life_angry.wav,life,angry
YAF_lease_sad.wav,lease,sad
YAF_life_disgust.wav,life,disgust
YAF_lid_happy.wav,lid,happy
YAF_lease_happy.wav,lease,happy
YAF_lid_angry.wav,lid,angry
YAF_lease_neutral.wav,lease,neutral
YAF_lease_ps.wav,lease,ps
YAF_life_fear.wav,life,fear
YAF_lid_fear.wav,lid,fear
YAF_lid_sad.wav,lid,sad
YAF_lease_fear.wav,lease,fear
YAF_lid_ps.wav,lid,ps
YAF_lid_disgust.wav,lid,disgust
YAF_lid_neutral.wav,lid,neutral
YAF_life_happy.wav,life,happy
YAF_life_neutral.wav,life,neutral
YAF_limb_angry.wav,limb,angry
YAF_lease_angry.wav,lease,angry
YAF_learn_sad.wav,learn,sad
YAF_learn_ps.wav,learn,ps
YAF_learn_happy.wav,learn,happy
YAF_learn_disgust.wav,learn,disgust
YAF_learn_angry.wav,learn,angry
YAF_lean_neutral.wav,lean,neutral
YAF_lean_fear.wav,lean,fear
YAF_learn_fear.wav,learn,fear
YAF_lean_ps.wav,lean,ps
YAF_laud_ps.wav,laud,ps
YAF_lean_disgust.wav,lean,disgust
YAF_learn_neutral.wav,learn,neutral
YAF_laud_sad.wav,laud,sad
YAF_lean_sad.wav,lean,sad
YAF_lean_happy.wav,lean,happy
YAF_lean_angry.wav,lean,angry
YAF_lease_disgust.wav,lease,disgust
YAF_laud_happy.wav,laud,happy
YAF_late_sad.wav,late,sad
YAF_laud_neutral.wav,laud,neutral
YAF_late_ps.wav,late,ps
YAF_late_disgust.wav,late,disgust
YAF_laud_angry.wav,laud,angry
YAF_late_happy.wav,late,happy
YAF_late_fear.wav,late,fear
YAF_laud_fear.wav,laud,fear
YAF_laud_disgust.wav,laud,disgust
YAF_king_neutral.wav,king,neutral
YAF_king_fear.wav,king,fear
YAF_kite_angry.wav,kite,angry
YAF_knock_happy.wav,knock,happy
YAF_knock_ps.wav,knock,ps
YAF_kite_neutral.wav,kite,neutral
YAF_knock_sad.wav,knock,sad
YAF_knock_neutral.wav,knock,neutral
YAF_knock_disgust.wav,knock,disgust
YAF_knock_fear.wav,knock,fear
YAF_knock_angry.wav,knock,angry
YAF_king_ps.wav,king,ps
YAF_kite_fear.wav,kite,fear
YAF_kite_ps.wav,kite,ps
YAF_king_sad.wav,king,sad
YAF_kite_sad.wav,kite,sad
YAF_kite_happy.wav,kite,happy
YAF_kite_disgust.wav,kite,disgust
YAF_late_neutral.wav,late,neutral
YAF_late_angry.wav,late,angry
YAF_neat_disgust.wav,neat,disgust
YAF_name_happy.wav,name,happy
YAF_near_neutral.wav,near,neutral
YAF_name_disgust.wav,name,disgust
YAF_name_sad.wav,name,sad
YAF_name_fear.wav,name,fear
YAF_name_neutral.wav,name,neutral
YAF_near_sad.wav,near,sad
YAF_name_ps.wav,name,ps
YAF_nag_neutral.wav,nag,neutral
YAF_near_fear.wav,near,fear
YAF_near_happy.wav,near,happy
YAF_neat_angry.wav,neat,angry
YAF_near_angry.wav,near,angry
YAF_near_ps.wav,near,ps
YAF_near_disgust.wav,near,disgust
YAF_name_angry.wav,name,angry
YAF_neat_happy.wav,neat,happy
YAF_neat_fear.wav,neat,fear
YAF_mouse_sad.wav,mouse,sad
YAF_nag_fear.wav,nag,fear
YAF_mouse_fear.wav,mouse,fear
YAF_mop_ps.wav,mop,ps
YAF_nag_disgust.wav,nag,disgust
YAF_mouse_neutral.wav,mouse,neutral
YAF_mouse_disgust.wav,mouse,disgust
YAF_mouse_ps.wav,mouse,ps
YAF_nag_happy.wav,nag,happy
YAF_mouse_happy.wav,mouse,happy
YAF_mop_sad.wav,mop,sad
YAF_mouse_angry.wav,mouse,angry
YAF_nag_angry.wav,nag,angry
YAF_nag_sad.wav,nag,sad
YAF_nag_ps.wav,nag,ps
YAF_moon_sad.wav,moon,sad
YAF_moon_ps.wav,moon,ps
YAF_moon_happy.wav,moon,happy
YAF_mood_happy.wav,mood,happy
YAF_mood_neutral.wav,mood,neutral
YAF_mop_neutral.wav,mop,neutral
YAF_mood_fear.wav,mood,fear
YAF_moon_neutral.wav,moon,neutral
YAF_moon_disgust.wav,moon,disgust
YAF_mood_disgust.wav,mood,disgust
YAF_mood_sad.wav,mood,sad
YAF_mop_angry.wav,mop,angry
YAF_moon_fear.wav,moon,fear
YAF_mood_ps.wav,mood,ps
YAF_mop_fear.wav,mop,fear
YAF_mop_disgust.wav,mop,disgust
YAF_moon_angry.wav,moon,angry
YAF_mop_happy.wav,mop,happy
YAF_mood_angry.wav,mood,angry
YAF_mob_disgust.wav,mob,disgust
YAF_mode_disgust.wav,mode,disgust
YAF_mob_ps.wav,mob,ps
YAF_mob_angry.wav,mob,angry
YAF_mode_happy.wav,mode,happy
YAF_mob_sad.wav,mob,sad
YAF_mob_happy.wav,mob,happy
YAF_mode_neutral.wav,mode,neutral
YAF_mode_angry.wav,mode,angry
YAF_mode_sad.wav,mode,sad
YAF_mob_neutral.wav,mob,neutral
YAF_mode_fear.wav,mode,fear
YAF_mob_fear.wav,mob,fear
YAF_mode_ps.wav,mode,ps
YAF_mill_ps.wav,mill,ps
YAF_mill_sad.wav,mill,sad
YAF_met_fear.wav,met,fear
YAF_met_disgust.wav,met,disgust
YAF_met_neutral.wav,met,neutral
YAF_mill_neutral.wav,mill,neutral
YAF_mess_sad.wav,mess,sad
YAF_mill_fear.wav,mill,fear
YAF_met_angry.wav,met,angry
YAF_mill_angry.wav,mill,angry
YAF_met_ps.wav,met,ps
YAF_mill_happy.wav,mill,happy
YAF_met_sad.wav,met,sad
YAF_mill_disgust.wav,mill,disgust
YAF_met_happy.wav,met,happy
YAF_merge_fear.wav,merge,fear
YAF_match_disgust.wav,match,disgust
YAF_merge_angry.wav,merge,angry
YAF_match_neutral.wav,match,neutral
YAF_merge_ps.wav,merge,ps
YAF_merge_disgust.wav,merge,disgust
YAF_match_sad.wav,match,sad
YAF_mess_happy.wav,mess,happy
YAF_mess_disgust.wav,mess,disgust
YAF_merge_sad.wav,merge,sad
YAF_match_ps.wav,match,ps
YAF_merge_happy.wav,merge,happy
YAF_mess_fear.wav,mess,fear
YAF_match_happy.wav,match,happy
YAF_mess_angry.wav,mess,angry
YAF_merge_neutral.wav,merge,neutral
YAF_mess_ps.wav,mess,ps
YAF_mess_neutral.wav,mess,neutral
YAF_make_fear.wav,make,fear
YAF_make_angry.wav,make,angry
YAF_luck_happy.wav,luck,happy
YAF_love_happy.wav,love,happy
YAF_luck_ps.wav,luck,ps
YAF_love_neutral.wav,love,neutral
YAF_make_sad.wav,make,sad
YAF_luck_fear.wav,luck,fear
YAF_love_ps.wav,love,ps
YAF_luck_neutral.wav,luck,neutral
YAF_make_ps.wav,make,ps
YAF_love_sad.wav,love,sad
YAF_make_happy.wav,make,happy
YAF_luck_sad.wav,luck,sad
YAF_make_neutral.wav,make,neutral
YAF_make_disgust.wav,make,disgust
YAF_luck_angry.wav,luck,angry
YAF_luck_disgust.wav,luck,disgust
YAF_match_angry.wav,match,angry
YAF_match_fear.wav,match,fear
YAF_pool_ps.wav,pool,ps
YAF_rag_angry.wav,rag,angry
YAF_puff_happy.wav,puff,happy
YAF_puff_ps.wav,puff,ps
YAF_puff_neutral.wav,puff,neutral
YAF_pool_sad.wav,pool,sad
YAF_rag_disgust.wav,rag,disgust
YAF_pool_disgust.wav,pool,disgust
YAF_rag_ps.wav,rag,ps
YAF_pool_happy.wav,pool,happy
YAF_puff_disgust.wav,puff,disgust
YAF_pool_neutral.wav,pool,neutral
YAF_puff_fear.wav,puff,fear
YAF_pool_fear.wav,pool,fear
YAF_rag_fear.wav,rag,fear
YAF_puff_angry.wav,puff,angry
YAF_rag_happy.wav,rag,happy
YAF_puff_sad.wav,puff,sad
YAF_rag_neutral.wav,rag,neutral
YAF_raid_angry.wav,raid,angry
YAF_pole_ps.wav,pole,ps
YAF_pool_angry.wav,pool,angry
YAF_pole_happy.wav,pole,happy
YAF_pole_sad.wav,pole,sad
YAF_pole_disgust.wav,pole,disgust
YAF_pick_sad.wav,pick,sad
YAF_pike_neutral.wav,pike,neutral
YAF_pike_sad.wav,pike,sad
YAF_pole_neutral.wav,pole,neutral
YAF_pole_angry.wav,pole,angry
YAF_pike_disgust.wav,pike,disgust
YAF_pike_angry.wav,pike,angry
YAF_pike_ps.wav,pike,ps
YAF_pike_happy.wav,pike,happy
YAF_pick_ps.wav,pick,ps
YAF_pole_fear.wav,pole,fear
YAF_pike_fear.wav,pike,fear
YAF_pick_fear.wav,pick,fear
YAF_phone_angry.wav,phone,angry
YAF_perch_happy.wav,perch,happy
YAF_perch_fear.wav,perch,fear
YAF_phone_happy.wav,phone,happy
YAF_perch_ps.wav,perch,ps
YAF_phone_fear.wav,phone,fear
YAF_phone_neutral.wav,phone,neutral
YAF_perch_neutral.wav,perch,neutral
YAF_phone_disgust.wav,phone,disgust
YAF_perch_disgust.wav,perch,disgust
YAF_perch_angry.wav,perch,angry
YAF_pick_angry.wav,pick,angry
YAF_phone_ps.wav,phone,ps
YAF_pick_disgust.wav,pick,disgust
YAF_phone_sad.wav,phone,sad
YAF_perch_sad.wav,perch,sad
YAF_pick_happy.wav,pick,happy
YAF_pick_neutral.wav,pick,neutral
YAF_peg_ps.wav,peg,ps
YAF_peg_disgust.wav,peg,disgust
YAF_pass_ps.wav,pass,ps
YAF_pass_angry.wav,pass,angry
YAF_peg_neutral.wav,peg,neutral
YAF_pearl_angry.wav,pearl,angry
YAF_pearl_neutral.wav,pearl,neutral
YAF_pearl_ps.wav,pearl,ps
YAF_peg_happy.wav,peg,happy
YAF_pass_fear.wav,pass,fear
YAF_pass_happy.wav,pass,happy
YAF_pearl_sad.wav,pearl,sad
YAF_pass_neutral.wav,pass,neutral
YAF_pearl_happy.wav,pearl,happy
YAF_pearl_fear.wav,pearl,fear
YAF_pass_sad.wav,pass,sad
YAF_peg_angry.wav,peg,angry
YAF_pearl_disgust.wav,pearl,disgust
YAF_peg_fear.wav,peg,fear
YAF_peg_sad.wav,peg,sad
YAF_pain_fear.wav,pain,fear
YAF_pain_neutral.wav,pain,neutral
YAF_pain_angry.wav,pain,angry
YAF_pad_neutral.wav,pad,neutral
YAF_page_neutral.wav,page,neutral
YAF_pain_ps.wav,pain,ps
YAF_pain_happy.wav,pain,happy
YAF_page_happy.wav,page,happy
YAF_pain_disgust.wav,pain,disgust
YAF_page_angry.wav,page,angry
YAF_page_fear.wav,page,fear
YAF_page_ps.wav,page,ps
YAF_page_sad.wav,page,sad
YAF_page_disgust.wav,page,disgust
YAF_pass_disgust.wav,pass,disgust
YAF_pain_sad.wav,pain,sad
YAF_numb_ps.wav,numb,ps
YAF_note_neutral.wav,note,neutral
YAF_numb_fear.wav,numb,fear
YAF_numb_disgust.wav,numb,disgust
YAF_numb_neutral.wav,numb,neutral
YAF_note_ps.wav,note,ps
YAF_pad_angry.wav,pad,angry
YAF_pad_happy.wav,pad,happy
YAF_numb_angry.wav,numb,angry
YAF_note_sad.wav,note,sad
YAF_numb_sad.wav,numb,sad
YAF_pad_fear.wav,pad,fear
YAF_pad_disgust.wav,pad,disgust
YAF_numb_happy.wav,numb,happy
YAF_pad_sad.wav,pad,sad
YAF_pad_ps.wav,pad,ps
YAF_neat_ps.wav,neat,ps
YAF_nice_ps.wav,nice,ps
YAF_nice_fear.wav,nice,fear
YAF_neat_sad.wav,neat,sad
YAF_note_angry.wav,note,angry
YAF_nice_neutral.wav,nice,neutral
YAF_nice_happy.wav,nice,happy
YAF_neat_neutral.wav,neat,neutral
YAF_note_disgust.wav,note,disgust
YAF_nice_sad.wav,nice,sad
YAF_nice_disgust.wav,nice,disgust
YAF_nice_angry.wav,nice,angry
YAF_note_happy.wav,note,happy
YAF_note_fear.wav,note,fear
YAF_search_fear.wav,search,fear
YAF_search_neutral.wav,search,neutral
YAF_seize_disgust.wav,seize,disgust
YAF_search_sad.wav,search,sad
YAF_seize_angry.wav,seize,angry
YAF_search_happy.wav,search,happy
YAF_sail_ps.wav,sail,ps
YAF_sail_fear.wav,sail,fear
YAF_search_angry.wav,search,angry
YAF_seize_fear.wav,seize,fear
YAF_sail_happy.wav,sail,happy
YAF_search_disgust.wav,search,disgust
YAF_seize_happy.wav,seize,happy
YAF_search_ps.wav,search,ps
YAF_sail_neutral.wav,sail,neutral
YAF_sail_sad.wav,sail,sad
YAF_seize_neutral.wav,seize,neutral
YAF_seize_ps.wav,seize,ps
YAF_rush_sad.wav,rush,sad
YAF_rush_disgust.wav,rush,disgust
YAF_rush_angry.wav,rush,angry
YAF_rough_ps.wav,rough,ps
YAF_said_neutral.wav,said,neutral
YAF_rush_happy.wav,rush,happy
YAF_said_sad.wav,said,sad
YAF_rush_ps.wav,rush,ps
YAF_rough_sad.wav,rough,sad
YAF_said_disgust.wav,said,disgust
YAF_rush_fear.wav,rush,fear
YAF_said_fear.wav,said,fear
YAF_rough_neutral.wav,rough,neutral
YAF_said_angry.wav,said,angry
YAF_rush_neutral.wav,rush,neutral
YAF_said_ps.wav,said,ps
YAF_said_happy.wav,said,happy
YAF_sail_disgust.wav,sail,disgust
YAF_sail_angry.wav,sail,angry
YAF_rose_ps.wav,rose,ps
YAF_rose_sad.wav,rose,sad
YAF_rough_disgust.wav,rough,disgust
YAF_rot_fear.wav,rot,fear
YAF_rot_angry.wav,rot,angry
YAF_rot_disgust.wav,rot,disgust
YAF_rot_neutral.wav,rot,neutral
YAF_rose_disgust.wav,rose,disgust
YAF_rot_sad.wav,rot,sad
YAF_rot_ps.wav,rot,ps
YAF_rot_happy.wav,rot,happy
YAF_rose_angry.wav,rose,angry
YAF_rose_neutral.wav,rose,neutral
YAF_rough_angry.wav,rough,angry
YAF_rose_happy.wav,rose,happy
YAF_rough_happy.wav,rough,happy
YAF_rough_fear.wav,rough,fear
YAF_road_disgust.wav,road,disgust
YAF_road_happy.wav,road,happy
YAF_road_sad.wav,road,sad
YAF_ripe_sad.wav,ripe,sad
YAF_room_fear.wav,room,fear
YAF_ripe_fear.wav,ripe,fear
YAF_room_angry.wav,room,angry
YAF_road_ps.wav,road,ps
YAF_room_ps.wav,room,ps
YAF_ripe_ps.wav,ripe,ps
YAF_room_disgust.wav,room,disgust
YAF_road_angry.wav,road,angry
YAF_room_neutral.wav,room,neutral
YAF_road_neutral.wav,road,neutral
YAF_ripe_neutral.wav,ripe,neutral
YAF_room_happy.wav,room,happy
YAF_road_fear.wav,road,fear
YAF_room_sad.wav,room,sad
YAF_rose_fear.wav,rose,fear
YAF_ripe_happy.wav,ripe,happy
YAF_ring_angry.wav,ring,angry
YAF_red_happy.wav,red,happy
YAF_read_sad.wav,read,sad
YAF_red_angry.wav,red,angry
YAF_red_fear.wav,red,fear
YAF_ring_disgust.wav,ring,disgust
YAF_red_neutral.wav,red,neutral
YAF_ring_ps.wav,ring,ps
YAF_red_ps.wav,red,ps
YAF_ring_neutral.wav,ring,neutral
YAF_ripe_angry.wav,ripe,angry
YAF_ring_sad.wav,ring,sad
YAF_ring_fear.wav,ring,fear
YAF_red_sad.wav,red,sad
YAF_ring_happy.wav,ring,happy
YAF_red_disgust.wav,red,disgust
YAF_ripe_disgust.wav,ripe,disgust
YAF_read_happy.wav,read,happy
YAF_read_disgust.wav,read,disgust
YAF_rat_happy.wav,rat,happy
YAF_reach_fear.wav,reach,fear
YAF_reach_angry.wav,reach,angry
YAF_reach_disgust.wav,reach,disgust
YAF_reach_sad.wav,reach,sad
YAF_rat_angry.wav,rat,angry
YAF_read_angry.wav,read,angry
YAF_rat_fear.wav,rat,fear
YAF_rat_neutral.wav,rat,neutral
YAF_rat_ps.wav,rat,ps
YAF_reach_ps.wav,reach,ps
YAF_reach_happy.wav,reach,happy
YAF_raise_sad.wav,raise,sad
YAF_rat_sad.wav,rat,sad
YAF_reach_neutral.wav,reach,neutral
YAF_read_fear.wav,read,fear
YAF_rat_disgust.wav,rat,disgust
YAF_read_ps.wav,read,ps
YAF_read_neutral.wav,read,neutral
YAF_raise_fear.wav,raise,fear
YAF_raid_fear.wav,raid,fear
YAF_rag_sad.wav,rag,sad
YAF_raise_disgust.wav,raise,disgust
YAF_raise_happy.wav,raise,happy
YAF_raid_happy.wav,raid,happy
YAF_rain_sad.wav,rain,sad
YAF_rain_happy.wav,rain,happy
YAF_rain_ps.wav,rain,ps
YAF_raise_angry.wav,raise,angry
YAF_raid_neutral.wav,raid,neutral
YAF_rain_neutral.wav,rain,neutral
YAF_rain_disgust.wav,rain,disgust
YAF_raid_disgust.wav,raid,disgust
YAF_rain_angry.wav,rain,angry
YAF_raid_ps.wav,raid,ps
YAF_rain_fear.wav,rain,fear
YAF_raid_sad.wav,raid,sad
YAF_raise_ps.wav,raise,ps
YAF_raise_neutral.wav,raise,neutral
YAF_sure_neutral.wav,sure,neutral
YAF_such_angry.wav,such,angry
YAF_sure_fear.wav,sure,fear
YAF_such_fear.wav,such,fear
YAF_such_sad.wav,such,sad
YAF_sure_angry.wav,sure,angry
YAF_such_neutral.wav,such,neutral
YAF_sure_happy.wav,sure,happy
YAF_such_ps.wav,such,ps
YAF_such_disgust.wav,such,disgust
YAF_sure_disgust.wav,sure,disgust
YAF_sub_ps.wav,sub,ps
YAF_such_happy.wav,such,happy
YAF_sub_sad.wav,sub,sad
YAF_sub_neutral.wav,sub,neutral
YAF_sure_ps.wav,sure,ps
YAF_take_disgust.wav,take,disgust
YAF_sub_fear.wav,sub,fear
YAF_south_sad.wav,south,sad
YAF_sub_angry.wav,sub,angry
YAF_sour_fear.wav,sour,fear
YAF_sour_sad.wav,sour,sad
YAF_sub_disgust.wav,sub,disgust
YAF_south_angry.wav,south,angry
YAF_south_happy.wav,south,happy
YAF_sour_happy.wav,sour,happy
YAF_south_neutral.wav,south,neutral
YAF_sour_neutral.wav,sour,neutral
YAF_sour_disgust.wav,sour,disgust
YAF_sour_angry.wav,sour,angry
YAF_sour_ps.wav,sour,ps
YAF_south_ps.wav,south,ps
YAF_south_disgust.wav,south,disgust
YAF_south_fear.wav,south,fear
YAF_sub_happy.wav,sub,happy
YAF_soap_angry.wav,soap,angry
YAF_soap_neutral.wav,soap,neutral
YAF_size_sad.wav,size,sad
YAF_soup_angry.wav,soup,angry
YAF_soup_neutral.wav,soup,neutral
YAF_soap_ps.wav,soap,ps
YAF_soap_fear.wav,soap,fear
YAF_soap_happy.wav,soap,happy
YAF_soup_happy.wav,soup,happy
YAF_soap_disgust.wav,soap,disgust
YAF_size_neutral.wav,size,neutral
YAF_size_ps.wav,size,ps
YAF_soup_disgust.wav,soup,disgust
YAF_soap_sad.wav,soap,sad
YAF_soup_fear.wav,soup,fear
YAF_soup_sad.wav,soup,sad
YAF_soup_ps.wav,soup,ps
YAF_size_fear.wav,size,fear
YAF_size_happy.wav,size,happy
YAF_size_angry.wav,size,angry
YAF_shout_happy.wav,shout,happy
YAF_should_disgust.wav,should,disgust
YAF_should_sad.wav,should,sad
YAF_should_angry.wav,should,angry
YAF_shout_fear.wav,shout,fear
YAF_shout_disgust.wav,shout,disgust
YAF_shirt_happy.wav,shirt,happy
YAF_shirt_neutral.wav,shirt,neutral
YAF_shout_neutral.wav,shout,neutral
YAF_should_happy.wav,should,happy
YAF_size_disgust.wav,size,disgust
YAF_should_fear.wav,should,fear
YAF_shout_sad.wav,shout,sad
YAF_shout_angry.wav,shout,angry
YAF_shout_ps.wav,shout,ps
YAF_should_neutral.wav,should,neutral
YAF_should_ps.wav,should,ps
YAF_shirt_fear.wav,shirt,fear
YAF_sheep_angry.wav,sheep,angry
YAF_shirt_angry.wav,shirt,angry
YAF_shawl_ps.wav,shawl,ps
YAF_sheep_fear.wav,sheep,fear
YAF_sheep_neutral.wav,sheep,neutral
YAF_shawl_neutral.wav,shawl,neutral
YAF_sheep_ps.wav,sheep,ps
YAF_sheep_sad.wav,sheep,sad
YAF_sheep_happy.wav,sheep,happy
YAF_shawl_sad.wav,shawl,sad
YAF_shawl_happy.wav,shawl,happy
YAF_shirt_disgust.wav,shirt,disgust
YAF_sheep_disgust.wav,sheep,disgust
YAF_shirt_ps.wav,shirt,ps
YAF_shirt_sad.wav,shirt,sad
YAF_shack_neutral.wav,shack,neutral
YAF_sell_ps.wav,sell,ps
YAF_shall_sad.wav,shall,sad
YAF_shall_fear.wav,shall,fear
YAF_shall_ps.wav,shall,ps
YAF_shack_sad.wav,shack,sad
YAF_shack_disgust.wav,shack,disgust
YAF_shall_happy.wav,shall,happy
YAF_shack_fear.wav,shack,fear
YAF_shack_happy.wav,shack,happy
YAF_shawl_angry.wav,shawl,angry
YAF_shall_disgust.wav,shall,disgust
YAF_sell_fear.wav,sell,fear
YAF_shack_ps.wav,shack,ps
YAF_sell_sad.wav,sell,sad
YAF_shall_neutral.wav,shall,neutral
YAF_shall_angry.wav,shall,angry
YAF_shawl_fear.wav,shawl,fear
YAF_shawl_disgust.wav,shawl,disgust
YAF_sell_angry.wav,sell,angry
YAF_sell_neutral.wav,sell,neutral
YAF_sell_disgust.wav,sell,disgust
YAF_seize_sad.wav,seize,sad
YAF_sell_happy.wav,sell,happy
YAF_shack_angry.wav,shack,angry
YAF_vine_happy.wav,vine,happy
YAF_vine_angry.wav,vine,angry
YAF_voice_disgust.wav,voice,disgust
YAF_vine_ps.wav,vine,ps
YAF_turn_ps.wav,turn,ps
YAF_voice_angry.wav,voice,angry
YAF_turn_neutral.wav,turn,neutral
YAF_vine_fear.wav,vine,fear
YAF_vine_neutral.wav,vine,neutral
YAF_vine_disgust.wav,vine,disgust
YAF_turn_sad.wav,turn,sad
YAF_vine_sad.wav,vine,sad
YAF_voice_neutral.wav,voice,neutral
YAF_voice_happy.wav,voice,happy
YAF_tough_disgust.wav,tough,disgust
YAF_tough_happy.wav,tough,happy
YAF_tool_sad.wav,tool,sad
YAF_tough_angry.wav,tough,angry
YAF_tool_disgust.wav,tool,disgust
YAF_tool_fear.wav,tool,fear
YAF_tool_angry.wav,tool,angry
YAF_tool_happy.wav,tool,happy
YAF_turn_happy.wav,turn,happy
YAF_tool_neutral.wav,tool,neutral
YAF_tough_fear.wav,tough,fear
YAF_tool_ps.wav,tool,ps
YAF_turn_disgust.wav,turn,disgust
YAF_tough_sad.wav,tough,sad
YAF_turn_angry.wav,turn,angry
YAF_tough_ps.wav,tough,ps
YAF_tough_neutral.wav,tough,neutral
YAF_turn_fear.wav,turn,fear
YAF_tip_happy.wav,tip,happy
YAF_tire_sad.wav,tire,sad
YAF_tip_sad.wav,tip,sad
YAF_tip_ps.wav,tip,ps
YAF_ton_sad.wav,ton,sad
YAF_time_ps.wav,time,ps
YAF_ton_neutral.wav,ton,neutral
YAF_tire_neutral.wav,tire,neutral
YAF_ton_fear.wav,ton,fear
YAF_ton_angry.wav,ton,angry
YAF_tire_ps.wav,tire,ps
YAF_tire_disgust.wav,tire,disgust
YAF_tire_angry.wav,tire,angry
YAF_tip_fear.wav,tip,fear
YAF_tire_fear.wav,tire,fear
YAF_ton_disgust.wav,ton,disgust
YAF_tip_disgust.wav,tip,disgust
YAF_tip_neutral.wav,tip,neutral
YAF_tire_happy.wav,tire,happy
YAF_ton_happy.wav,ton,happy
YAF_ton_ps.wav,ton,ps
YAF_thought_neutral.wav,thought,neutral
YAF_time_angry.wav,time,angry
YAF_thumb_ps.wav,thumb,ps
YAF_thumb_happy.wav,thumb,happy
YAF_thumb_neutral.wav,thumb,neutral
YAF_thought_sad.wav,thought,sad
YAF_thought_ps.wav,thought,ps
YAF_time_fear.wav,time,fear
YAF_thumb_sad.wav,thumb,sad
YAF_time_disgust.wav,time,disgust
YAF_thumb_disgust.wav,thumb,disgust
YAF_time_neutral.wav,time,neutral
YAF_thumb_fear.wav,thumb,fear
YAF_thumb_angry.wav,thumb,angry
YAF_time_happy.wav,time,happy
YAF_time_sad.wav,time,sad
YAF_tip_angry.wav,tip,angry
YAF_thought_happy.wav,thought,happy
YAF_thought_angry.wav,thought,angry
YAF_third_ps.wav,third,ps
YAF_third_disgust.wav,third,disgust
YAF_thin_disgust.wav,thin,disgust
YAF_thought_disgust.wav,thought,disgust
YAF_thin_happy.wav,thin,happy
YAF_third_sad.wav,third,sad
YAF_third_angry.wav,third,angry
YAF_thin_neutral.wav,thin,neutral
YAF_thin_ps.wav,thin,ps
YAF_third_fear.wav,third,fear
YAF_thin_fear.wav,thin,fear
YAF_third_neutral.wav,third,neutral
YAF_thin_sad.wav,thin,sad
YAF_third_happy.wav,third,happy
YAF_thin_angry.wav,thin,angry
YAF_thought_fear.wav,thought,fear
YAF_tell_angry.wav,tell,angry
YAF_tape_sad.wav,tape,sad
YAF_team_ps.wav,team,ps
YAF_tell_fear.wav,tell,fear
YAF_team_fear.wav,team,fear
YAF_tell_neutral.wav,tell,neutral
YAF_team_happy.wav,team,happy
YAF_team_disgust.wav,team,disgust
YAF_tape_neutral.wav,tape,neutral
YAF_tell_happy.wav,tell,happy
YAF_team_angry.wav,team,angry
YAF_tell_ps.wav,tell,ps
YAF_team_sad.wav,team,sad
YAF_tape_ps.wav,tape,ps
YAF_team_neutral.wav,team,neutral
YAF_tell_disgust.wav,tell,disgust
YAF_tell_sad.wav,tell,sad
YAF_talk_disgust.wav,talk,disgust
YAF_talk_neutral.wav,talk,neutral
YAF_take_fear.wav,take,fear
YAF_take_ps.wav,take,ps
YAF_talk_sad.wav,talk,sad
YAF_sure_sad.wav,sure,sad
YAF_take_neutral.wav,take,neutral
YAF_take_happy.wav,take,happy
YAF_talk_angry.wav,talk,angry
YAF_take_sad.wav,take,sad
YAF_tape_disgust.wav,tape,disgust
YAF_tape_fear.wav,tape,fear
YAF_take_angry.wav,take,angry
YAF_talk_ps.wav,talk,ps
YAF_talk_fear.wav,talk,fear
YAF_talk_happy.wav,talk,happy
YAF_tape_happy.wav,tape,happy
YAF_tape_angry.wav,tape,angry
YAF_yearn_fear.wav,yearn,fear
YAF_yes_happy.wav,yes,happy
YAF_yes_fear.wav,yes,fear
YAF_witch_ps.wav,witch,ps
YAF_yes_disgust.wav,yes,disgust
YAF_yes_angry.wav,yes,angry
YAF_yearn_neutral.wav,yearn,neutral
YAF_yes_sad.wav,yes,sad
YAF_yearn_sad.wav,yearn,sad
YAF_yes_neutral.wav,yes,neutral
YAF_witch_happy.wav,witch,happy
YAF_yearn_angry.wav,yearn,angry
YAF_yearn_disgust.wav,yearn,disgust
YAF_yearn_ps.wav,yearn,ps
YAF_witch_sad.wav,witch,sad
YAF_yes_ps.wav,yes,ps
YAF_witch_neutral.wav,witch,neutral
YAF_yearn_happy.wav,yearn,happy
YAF_young_angry.wav,young,angry
YAF_young_disgust.wav,young,disgust
YAF_witch_angry.wav,witch,angry
YAF_wire_neutral.wav,wire,neutral
YAF_wife_sad.wav,wife,sad
YAF_wire_happy.wav,wire,happy
YAF_wire_disgust.wav,wire,disgust
YAF_wife_neutral.wav,wife,neutral
YAF_wire_sad.wav,wire,sad
YAF_wire_angry.wav,wire,angry
YAF_wife_ps.wav,wife,ps
YAF_wife_happy.wav,wife,happy
YAF_witch_disgust.wav,witch,disgust
YAF_wire_ps.wav,wire,ps
YAF_wire_fear.wav,wire,fear
YAF_witch_fear.wav,witch,fear
YAF_white_happy.wav,white,happy
YAF_whip_disgust.wav,whip,disgust
YAF_white_disgust.wav,white,disgust
YAF_whip_sad.wav,whip,sad
YAF_whip_ps.wav,whip,ps
YAF_whip_fear.wav,whip,fear
YAF_wife_angry.wav,wife,angry
YAF_white_ps.wav,white,ps
YAF_whip_angry.wav,whip,angry
YAF_whip_neutral.wav,whip,neutral
YAF_white_angry.wav,white,angry
YAF_whip_happy.wav,whip,happy
YAF_white_sad.wav,white,sad
YAF_white_neutral.wav,white,neutral
YAF_white_fear.wav,white,fear
YAF_which_sad.wav,which,sad
YAF_which_ps.wav,which,ps
YAF_wife_fear.wav,wife,fear
YAF_wife_disgust.wav,wife,disgust
YAF_which_happy.wav,which,happy
YAF_when_ps.wav,when,ps
YAF_wheat_angry.wav,wheat,angry
YAF_when_happy.wav,when,happy
YAF_when_neutral.wav,when,neutral
YAF_wheat_neutral.wav,wheat,neutral
YAF_which_fear.wav,which,fear
YAF_when_disgust.wav,when,disgust
YAF_wheat_happy.wav,wheat,happy
YAF_which_neutral.wav,which,neutral
YAF_when_fear.wav,when,fear
YAF_when_sad.wav,when,sad
YAF_week_sad.wav,week,sad
YAF_when_angry.wav,when,angry
YAF_wheat_sad.wav,wheat,sad
YAF_which_angry.wav,which,angry
YAF_wheat_ps.wav,wheat,ps
YAF_wheat_fear.wav,wheat,fear
YAF_which_disgust.wav,which,disgust
YAF_wash_fear.wav,wash,fear
YAF_week_ps.wav,week,ps
YAF_week_disgust.wav,week,disgust
YAF_wash_disgust.wav,wash,disgust
YAF_wash_neutral.wav,wash,neutral
YAF_wash_sad.wav,wash,sad
YAF_wash_ps.wav,wash,ps
YAF_walk_sad.wav,walk,sad
YAF_week_fear.wav,week,fear
YAF_week_happy.wav,week,happy
YAF_week_angry.wav,week,angry
YAF_wash_happy.wav,wash,happy
YAF_week_neutral.wav,week,neutral
YAF_wheat_disgust.wav,wheat,disgust
YAF_wag_happy.wav,wag,happy
YAF_walk_disgust.wav,walk,disgust
YAF_walk_neutral.wav,walk,neutral
YAF_walk_angry.wav,walk,angry
YAF_wag_disgust.wav,wag,disgust
YAF_wag_ps.wav,wag,ps
YAF_walk_happy.wav,walk,happy
YAF_wag_fear.wav,wag,fear
YAF_wag_angry.wav,wag,angry
YAF_vote_sad.wav,vote,sad
YAF_walk_ps.wav,walk,ps
YAF_wag_neutral.wav,wag,neutral
YAF_walk_fear.wav,walk,fear
YAF_wag_sad.wav,wag,sad
YAF_wash_angry.wav,wash,angry
YAF_void_happy.wav,void,happy
YAF_void_disgust.wav,void,disgust
YAF_vote_happy.wav,vote,happy
YAF_vote_fear.wav,vote,fear
YAF_void_sad.wav,void,sad
YAF_void_angry.wav,void,angry
YAF_vote_angry.wav,vote,angry
YAF_voice_ps.wav,voice,ps
YAF_void_ps.wav,void,ps
YAF_void_neutral.wav,void,neutral
YAF_voice_sad.wav,voice,sad
YAF_vote_disgust.wav,vote,disgust
YAF_void_fear.wav,void,fear
YAF_voice_fear.wav,voice,fear
YAF_vote_neutral.wav,vote,neutral
YAF_vote_ps.wav,vote,ps
YAF_young_ps.wav,young,ps
YAF_youth_fear.wav,youth,fear
YAF_youth_ps.wav,youth,ps
YAF_youth_neutral.wav,youth,neutral
YAF_youth_angry.wav,youth,angry
YAF_young_neutral.wav,young,neutral
YAF_young_fear.wav,young,fear
YAF_young_sad.wav,young,sad
YAF_youth_happy.wav,youth,happy
YAF_young_happy.wav,young,happy
YAF_youth_disgust.wav,youth,disgust
YAF_youth_sad.wav,youth,sad
